ISO-10303-21;
HEADER;
FILE_DESCRIPTION(('KiCad electronic assembly'),'2;1');
FILE_NAME('turnstileUHF.step','2026-03-05T22:20:41',('Pcbnew'),('Kicad')
  ,'Open CASCADE STEP processor 7.9','KiCad to STEP converter','Unknown'
  );
FILE_SCHEMA(('AUTOMOTIVE_DESIGN { 1 0 10303 214 1 1 1 1 }'));
ENDSEC;
DATA;
#1 = APPLICATION_PROTOCOL_DEFINITION('international standard',
  'automotive_design',2000,#2);
#2 = APPLICATION_CONTEXT(
  'core data for automotive mechanical design processes');
#3 = SHAPE_DEFINITION_REPRESENTATION(#4,#10);
#4 = PRODUCT_DEFINITION_SHAPE('','',#5);
#5 = PRODUCT_DEFINITION('design','',#6,#9);
#6 = PRODUCT_DEFINITION_FORMATION('','',#7);
#7 = PRODUCT('turnstileUHF 1','turnstileUHF 1','',(#8));
#8 = PRODUCT_CONTEXT('',#2,'mechanical');
#9 = PRODUCT_DEFINITION_CONTEXT('part definition',#2,'design');
#10 = SHAPE_REPRESENTATION('',(#11,#15,#19,#23,#27,#31,#35,#39,#43,#47),
  #51);
#11 = AXIS2_PLACEMENT_3D('',#12,#13,#14);
#12 = CARTESIAN_POINT('',(0.,0.,0.));
#13 = DIRECTION('',(0.,0.,1.));
#14 = DIRECTION('',(1.,0.,-0.));
#15 = AXIS2_PLACEMENT_3D('',#16,#17,#18);
#16 = CARTESIAN_POINT('',(161.82,-88.97,1.595));
#17 = DIRECTION('',(-0.,0.,1.));
#18 = DIRECTION('',(0.707106781187,-0.707106781187,0.));
#19 = AXIS2_PLACEMENT_3D('',#20,#21,#22);
#20 = CARTESIAN_POINT('',(213.55,-141.06,1.595));
#21 = DIRECTION('',(-0.,0.,1.));
#22 = DIRECTION('',(0.707106781187,-0.707106781187,0.));
#23 = AXIS2_PLACEMENT_3D('',#24,#25,#26);
#24 = CARTESIAN_POINT('',(155.93,-94.65,1.595));
#25 = DIRECTION('',(-0.,0.,1.));
#26 = DIRECTION('',(0.707106781187,-0.707106781187,0.));
#27 = AXIS2_PLACEMENT_3D('',#28,#29,#30);
#28 = CARTESIAN_POINT('',(207.66,-146.74,1.595));
#29 = DIRECTION('',(-0.,0.,1.));
#30 = DIRECTION('',(0.707106781187,-0.707106781187,0.));
#31 = AXIS2_PLACEMENT_3D('',#32,#33,#34);
#32 = CARTESIAN_POINT('',(210.66,-143.94,1.595));
#33 = DIRECTION('',(-0.,0.,1.));
#34 = DIRECTION('',(0.707106781187,-0.707106781187,0.));
#35 = AXIS2_PLACEMENT_3D('',#36,#37,#38);
#36 = CARTESIAN_POINT('',(204.81,-149.66,1.595));
#37 = DIRECTION('',(-0.,0.,1.));
#38 = DIRECTION('',(0.707106781187,-0.707106781187,0.));
#39 = AXIS2_PLACEMENT_3D('',#40,#41,#42);
#40 = CARTESIAN_POINT('',(153.08,-97.57,1.595));
#41 = DIRECTION('',(-0.,0.,1.));
#42 = DIRECTION('',(0.707106781187,-0.707106781187,0.));
#43 = AXIS2_PLACEMENT_3D('',#44,#45,#46);
#44 = CARTESIAN_POINT('',(158.93,-91.85,1.595));
#45 = DIRECTION('',(-0.,0.,1.));
#46 = DIRECTION('',(0.707106781187,-0.707106781187,0.));
#47 = AXIS2_PLACEMENT_3D('',#48,#49,#50);
#48 = CARTESIAN_POINT('',(0.,0.,0.));
#49 = DIRECTION('',(0.,0.,1.));
#50 = DIRECTION('',(1.,0.,-0.));
#51 = ( GEOMETRIC_REPRESENTATION_CONTEXT(3) 
GLOBAL_UNCERTAINTY_ASSIGNED_CONTEXT((#55)) GLOBAL_UNIT_ASSIGNED_CONTEXT(
(#52,#53,#54)) REPRESENTATION_CONTEXT('Context #1',
  '3D Context with UNIT and UNCERTAINTY') );
#52 = ( LENGTH_UNIT() NAMED_UNIT(*) SI_UNIT(.MILLI.,.METRE.) );
#53 = ( NAMED_UNIT(*) PLANE_ANGLE_UNIT() SI_UNIT($,.RADIAN.) );
#54 = ( NAMED_UNIT(*) SI_UNIT($,.STERADIAN.) SOLID_ANGLE_UNIT() );
#55 = UNCERTAINTY_MEASURE_WITH_UNIT(LENGTH_MEASURE(1.E-07),#52,
  'distance_accuracy_value','confusion accuracy');
#56 = PRODUCT_RELATED_PRODUCT_CATEGORY('part',$,(#7));
#57 = SHAPE_DEFINITION_REPRESENTATION(#58,#64);
#58 = PRODUCT_DEFINITION_SHAPE('','',#59);
#59 = PRODUCT_DEFINITION('design','',#60,#63);
#60 = PRODUCT_DEFINITION_FORMATION('','',#61);
#61 = PRODUCT('R_2512_6332Metric','R_2512_6332Metric','',(#62));
#62 = PRODUCT_CONTEXT('',#2,'mechanical');
#63 = PRODUCT_DEFINITION_CONTEXT('part definition',#2,'design');
#64 = ADVANCED_BREP_SHAPE_REPRESENTATION('',(#11,#65),#855);
#65 = MANIFOLD_SOLID_BREP('',#66);
#66 = CLOSED_SHELL('',(#67,#107,#190,#215,#240,#307,#324,#341,#390,#407,
    #424,#473,#490,#559,#590,#614,#683,#707,#724,#741,#758,#775,#792,
    #809,#826,#843));
#67 = ADVANCED_FACE('',(#68),#102,.F.);
#68 = FACE_BOUND('',#69,.F.);
#69 = EDGE_LOOP('',(#70,#80,#88,#96));
#70 = ORIENTED_EDGE('',*,*,#71,.F.);
#71 = EDGE_CURVE('',#72,#74,#76,.T.);
#72 = VERTEX_POINT('',#73);
#73 = CARTESIAN_POINT('',(-3.15,-1.6,6.E-02));
#74 = VERTEX_POINT('',#75);
#75 = CARTESIAN_POINT('',(-3.15,-1.6,0.54));
#76 = LINE('',#77,#78);
#77 = CARTESIAN_POINT('',(-3.15,-1.6,0.));
#78 = VECTOR('',#79,1.);
#79 = DIRECTION('',(0.,0.,1.));
#80 = ORIENTED_EDGE('',*,*,#81,.T.);
#81 = EDGE_CURVE('',#72,#82,#84,.T.);
#82 = VERTEX_POINT('',#83);
#83 = CARTESIAN_POINT('',(-3.15,1.6,6.E-02));
#84 = LINE('',#85,#86);
#85 = CARTESIAN_POINT('',(-3.15,-1.6,6.E-02));
#86 = VECTOR('',#87,1.);
#87 = DIRECTION('',(0.,1.,0.));
#88 = ORIENTED_EDGE('',*,*,#89,.T.);
#89 = EDGE_CURVE('',#82,#90,#92,.T.);
#90 = VERTEX_POINT('',#91);
#91 = CARTESIAN_POINT('',(-3.15,1.6,0.54));
#92 = LINE('',#93,#94);
#93 = CARTESIAN_POINT('',(-3.15,1.6,0.));
#94 = VECTOR('',#95,1.);
#95 = DIRECTION('',(0.,0.,1.));
#96 = ORIENTED_EDGE('',*,*,#97,.F.);
#97 = EDGE_CURVE('',#74,#90,#98,.T.);
#98 = LINE('',#99,#100);
#99 = CARTESIAN_POINT('',(-3.15,-1.6,0.54));
#100 = VECTOR('',#101,1.);
#101 = DIRECTION('',(0.,1.,0.));
#102 = PLANE('',#103);
#103 = AXIS2_PLACEMENT_3D('',#104,#105,#106);
#104 = CARTESIAN_POINT('',(-3.15,-1.6,0.));
#105 = DIRECTION('',(1.,0.,0.));
#106 = DIRECTION('',(0.,0.,1.));
#107 = ADVANCED_FACE('',(#108),#185,.F.);
#108 = FACE_BOUND('',#109,.F.);
#109 = EDGE_LOOP('',(#110,#120,#127,#128,#137,#145,#154,#162,#170,#178)
  );
#110 = ORIENTED_EDGE('',*,*,#111,.F.);
#111 = EDGE_CURVE('',#112,#114,#116,.T.);
#112 = VERTEX_POINT('',#113);
#113 = CARTESIAN_POINT('',(-3.09,-1.6,0.));
#114 = VERTEX_POINT('',#115);
#115 = CARTESIAN_POINT('',(-2.61,-1.6,0.));
#116 = LINE('',#117,#118);
#117 = CARTESIAN_POINT('',(-3.15,-1.6,0.));
#118 = VECTOR('',#119,1.);
#119 = DIRECTION('',(1.,0.,0.));
#120 = ORIENTED_EDGE('',*,*,#121,.F.);
#121 = EDGE_CURVE('',#72,#112,#122,.T.);
#122 = CIRCLE('',#123,6.E-02);
#123 = AXIS2_PLACEMENT_3D('',#124,#125,#126);
#124 = CARTESIAN_POINT('',(-3.09,-1.6,6.E-02));
#125 = DIRECTION('',(0.,-1.,0.));
#126 = DIRECTION('',(0.,0.,1.));
#127 = ORIENTED_EDGE('',*,*,#71,.T.);
#128 = ORIENTED_EDGE('',*,*,#129,.T.);
#129 = EDGE_CURVE('',#74,#130,#132,.T.);
#130 = VERTEX_POINT('',#131);
#131 = CARTESIAN_POINT('',(-3.09,-1.6,0.6));
#132 = CIRCLE('',#133,6.E-02);
#133 = AXIS2_PLACEMENT_3D('',#134,#135,#136);
#134 = CARTESIAN_POINT('',(-3.09,-1.6,0.54));
#135 = DIRECTION('',(0.,1.,0.));
#136 = DIRECTION('',(0.,-0.,1.));
#137 = ORIENTED_EDGE('',*,*,#138,.T.);
#138 = EDGE_CURVE('',#130,#139,#141,.T.);
#139 = VERTEX_POINT('',#140);
#140 = CARTESIAN_POINT('',(-2.61,-1.6,0.6));
#141 = LINE('',#142,#143);
#142 = CARTESIAN_POINT('',(-3.15,-1.6,0.6));
#143 = VECTOR('',#144,1.);
#144 = DIRECTION('',(1.,0.,0.));
#145 = ORIENTED_EDGE('',*,*,#146,.F.);
#146 = EDGE_CURVE('',#147,#139,#149,.T.);
#147 = VERTEX_POINT('',#148);
#148 = CARTESIAN_POINT('',(-2.55,-1.6,0.54));
#149 = CIRCLE('',#150,6.E-02);
#150 = AXIS2_PLACEMENT_3D('',#151,#152,#153);
#151 = CARTESIAN_POINT('',(-2.61,-1.6,0.54));
#152 = DIRECTION('',(0.,-1.,0.));
#153 = DIRECTION('',(0.,0.,1.));
#154 = ORIENTED_EDGE('',*,*,#155,.F.);
#155 = EDGE_CURVE('',#156,#147,#158,.T.);
#156 = VERTEX_POINT('',#157);
#157 = CARTESIAN_POINT('',(-3.09,-1.6,0.54));
#158 = LINE('',#159,#160);
#159 = CARTESIAN_POINT('',(-3.09,-1.6,0.54));
#160 = VECTOR('',#161,1.);
#161 = DIRECTION('',(1.,0.,0.));
#162 = ORIENTED_EDGE('',*,*,#163,.F.);
#163 = EDGE_CURVE('',#164,#156,#166,.T.);
#164 = VERTEX_POINT('',#165);
#165 = CARTESIAN_POINT('',(-3.09,-1.6,6.E-02));
#166 = LINE('',#167,#168);
#167 = CARTESIAN_POINT('',(-3.09,-1.6,6.E-02));
#168 = VECTOR('',#169,1.);
#169 = DIRECTION('',(0.,0.,1.));
#170 = ORIENTED_EDGE('',*,*,#171,.T.);
#171 = EDGE_CURVE('',#164,#172,#174,.T.);
#172 = VERTEX_POINT('',#173);
#173 = CARTESIAN_POINT('',(-2.55,-1.6,6.E-02));
#174 = LINE('',#175,#176);
#175 = CARTESIAN_POINT('',(-3.09,-1.6,6.E-02));
#176 = VECTOR('',#177,1.);
#177 = DIRECTION('',(1.,0.,0.));
#178 = ORIENTED_EDGE('',*,*,#179,.T.);
#179 = EDGE_CURVE('',#172,#114,#180,.T.);
#180 = CIRCLE('',#181,6.E-02);
#181 = AXIS2_PLACEMENT_3D('',#182,#183,#184);
#182 = CARTESIAN_POINT('',(-2.61,-1.6,6.E-02));
#183 = DIRECTION('',(0.,1.,0.));
#184 = DIRECTION('',(0.,-0.,1.));
#185 = PLANE('',#186);
#186 = AXIS2_PLACEMENT_3D('',#187,#188,#189);
#187 = CARTESIAN_POINT('',(-3.15,-1.6,0.));
#188 = DIRECTION('',(0.,1.,0.));
#189 = DIRECTION('',(0.,-0.,1.));
#190 = ADVANCED_FACE('',(#191),#210,.T.);
#191 = FACE_BOUND('',#192,.T.);
#192 = EDGE_LOOP('',(#193,#194,#203,#209));
#193 = ORIENTED_EDGE('',*,*,#81,.T.);
#194 = ORIENTED_EDGE('',*,*,#195,.T.);
#195 = EDGE_CURVE('',#82,#196,#198,.T.);
#196 = VERTEX_POINT('',#197);
#197 = CARTESIAN_POINT('',(-3.09,1.6,0.));
#198 = CIRCLE('',#199,6.E-02);
#199 = AXIS2_PLACEMENT_3D('',#200,#201,#202);
#200 = CARTESIAN_POINT('',(-3.09,1.6,6.E-02));
#201 = DIRECTION('',(0.,-1.,0.));
#202 = DIRECTION('',(0.,0.,1.));
#203 = ORIENTED_EDGE('',*,*,#204,.F.);
#204 = EDGE_CURVE('',#112,#196,#205,.T.);
#205 = LINE('',#206,#207);
#206 = CARTESIAN_POINT('',(-3.09,-1.6,0.));
#207 = VECTOR('',#208,1.);
#208 = DIRECTION('',(0.,1.,0.));
#209 = ORIENTED_EDGE('',*,*,#121,.F.);
#210 = CYLINDRICAL_SURFACE('',#211,6.E-02);
#211 = AXIS2_PLACEMENT_3D('',#212,#213,#214);
#212 = CARTESIAN_POINT('',(-3.09,-1.6,6.E-02));
#213 = DIRECTION('',(0.,1.,0.));
#214 = DIRECTION('',(-1.,0.,0.));
#215 = ADVANCED_FACE('',(#216),#235,.T.);
#216 = FACE_BOUND('',#217,.T.);
#217 = EDGE_LOOP('',(#218,#219,#227,#234));
#218 = ORIENTED_EDGE('',*,*,#129,.T.);
#219 = ORIENTED_EDGE('',*,*,#220,.T.);
#220 = EDGE_CURVE('',#130,#221,#223,.T.);
#221 = VERTEX_POINT('',#222);
#222 = CARTESIAN_POINT('',(-3.09,1.6,0.6));
#223 = LINE('',#224,#225);
#224 = CARTESIAN_POINT('',(-3.09,-1.6,0.6));
#225 = VECTOR('',#226,1.);
#226 = DIRECTION('',(0.,1.,0.));
#227 = ORIENTED_EDGE('',*,*,#228,.F.);
#228 = EDGE_CURVE('',#90,#221,#229,.T.);
#229 = CIRCLE('',#230,6.E-02);
#230 = AXIS2_PLACEMENT_3D('',#231,#232,#233);
#231 = CARTESIAN_POINT('',(-3.09,1.6,0.54));
#232 = DIRECTION('',(0.,1.,0.));
#233 = DIRECTION('',(0.,-0.,1.));
#234 = ORIENTED_EDGE('',*,*,#97,.F.);
#235 = CYLINDRICAL_SURFACE('',#236,6.E-02);
#236 = AXIS2_PLACEMENT_3D('',#237,#238,#239);
#237 = CARTESIAN_POINT('',(-3.09,-1.6,0.54));
#238 = DIRECTION('',(0.,1.,0.));
#239 = DIRECTION('',(-1.,0.,0.));
#240 = ADVANCED_FACE('',(#241),#302,.T.);
#241 = FACE_BOUND('',#242,.T.);
#242 = EDGE_LOOP('',(#243,#251,#252,#253,#254,#262,#271,#279,#287,#295)
  );
#243 = ORIENTED_EDGE('',*,*,#244,.F.);
#244 = EDGE_CURVE('',#196,#245,#247,.T.);
#245 = VERTEX_POINT('',#246);
#246 = CARTESIAN_POINT('',(-2.61,1.6,0.));
#247 = LINE('',#248,#249);
#248 = CARTESIAN_POINT('',(-3.15,1.6,0.));
#249 = VECTOR('',#250,1.);
#250 = DIRECTION('',(1.,0.,0.));
#251 = ORIENTED_EDGE('',*,*,#195,.F.);
#252 = ORIENTED_EDGE('',*,*,#89,.T.);
#253 = ORIENTED_EDGE('',*,*,#228,.T.);
#254 = ORIENTED_EDGE('',*,*,#255,.T.);
#255 = EDGE_CURVE('',#221,#256,#258,.T.);
#256 = VERTEX_POINT('',#257);
#257 = CARTESIAN_POINT('',(-2.61,1.6,0.6));
#258 = LINE('',#259,#260);
#259 = CARTESIAN_POINT('',(-3.15,1.6,0.6));
#260 = VECTOR('',#261,1.);
#261 = DIRECTION('',(1.,0.,0.));
#262 = ORIENTED_EDGE('',*,*,#263,.F.);
#263 = EDGE_CURVE('',#264,#256,#266,.T.);
#264 = VERTEX_POINT('',#265);
#265 = CARTESIAN_POINT('',(-2.55,1.6,0.54));
#266 = CIRCLE('',#267,6.E-02);
#267 = AXIS2_PLACEMENT_3D('',#268,#269,#270);
#268 = CARTESIAN_POINT('',(-2.61,1.6,0.54));
#269 = DIRECTION('',(0.,-1.,0.));
#270 = DIRECTION('',(0.,0.,1.));
#271 = ORIENTED_EDGE('',*,*,#272,.F.);
#272 = EDGE_CURVE('',#273,#264,#275,.T.);
#273 = VERTEX_POINT('',#274);
#274 = CARTESIAN_POINT('',(-3.09,1.6,0.54));
#275 = LINE('',#276,#277);
#276 = CARTESIAN_POINT('',(-3.09,1.6,0.54));
#277 = VECTOR('',#278,1.);
#278 = DIRECTION('',(1.,0.,0.));
#279 = ORIENTED_EDGE('',*,*,#280,.F.);
#280 = EDGE_CURVE('',#281,#273,#283,.T.);
#281 = VERTEX_POINT('',#282);
#282 = CARTESIAN_POINT('',(-3.09,1.6,6.E-02));
#283 = LINE('',#284,#285);
#284 = CARTESIAN_POINT('',(-3.09,1.6,6.E-02));
#285 = VECTOR('',#286,1.);
#286 = DIRECTION('',(0.,0.,1.));
#287 = ORIENTED_EDGE('',*,*,#288,.T.);
#288 = EDGE_CURVE('',#281,#289,#291,.T.);
#289 = VERTEX_POINT('',#290);
#290 = CARTESIAN_POINT('',(-2.55,1.6,6.E-02));
#291 = LINE('',#292,#293);
#292 = CARTESIAN_POINT('',(-3.09,1.6,6.E-02));
#293 = VECTOR('',#294,1.);
#294 = DIRECTION('',(1.,0.,0.));
#295 = ORIENTED_EDGE('',*,*,#296,.T.);
#296 = EDGE_CURVE('',#289,#245,#297,.T.);
#297 = CIRCLE('',#298,6.E-02);
#298 = AXIS2_PLACEMENT_3D('',#299,#300,#301);
#299 = CARTESIAN_POINT('',(-2.61,1.6,6.E-02));
#300 = DIRECTION('',(0.,1.,0.));
#301 = DIRECTION('',(0.,-0.,1.));
#302 = PLANE('',#303);
#303 = AXIS2_PLACEMENT_3D('',#304,#305,#306);
#304 = CARTESIAN_POINT('',(-3.15,1.6,0.));
#305 = DIRECTION('',(0.,1.,0.));
#306 = DIRECTION('',(0.,-0.,1.));
#307 = ADVANCED_FACE('',(#308),#319,.F.);
#308 = FACE_BOUND('',#309,.F.);
#309 = EDGE_LOOP('',(#310,#311,#312,#313));
#310 = ORIENTED_EDGE('',*,*,#244,.F.);
#311 = ORIENTED_EDGE('',*,*,#204,.F.);
#312 = ORIENTED_EDGE('',*,*,#111,.T.);
#313 = ORIENTED_EDGE('',*,*,#314,.T.);
#314 = EDGE_CURVE('',#114,#245,#315,.T.);
#315 = LINE('',#316,#317);
#316 = CARTESIAN_POINT('',(-2.61,-1.6,0.));
#317 = VECTOR('',#318,1.);
#318 = DIRECTION('',(0.,1.,0.));
#319 = PLANE('',#320);
#320 = AXIS2_PLACEMENT_3D('',#321,#322,#323);
#321 = CARTESIAN_POINT('',(-3.15,-1.6,0.));
#322 = DIRECTION('',(0.,0.,1.));
#323 = DIRECTION('',(1.,0.,-0.));
#324 = ADVANCED_FACE('',(#325),#336,.T.);
#325 = FACE_BOUND('',#326,.T.);
#326 = EDGE_LOOP('',(#327,#328,#329,#330));
#327 = ORIENTED_EDGE('',*,*,#179,.T.);
#328 = ORIENTED_EDGE('',*,*,#314,.T.);
#329 = ORIENTED_EDGE('',*,*,#296,.F.);
#330 = ORIENTED_EDGE('',*,*,#331,.F.);
#331 = EDGE_CURVE('',#172,#289,#332,.T.);
#332 = LINE('',#333,#334);
#333 = CARTESIAN_POINT('',(-2.55,-1.6,6.E-02));
#334 = VECTOR('',#335,1.);
#335 = DIRECTION('',(0.,1.,0.));
#336 = CYLINDRICAL_SURFACE('',#337,6.E-02);
#337 = AXIS2_PLACEMENT_3D('',#338,#339,#340);
#338 = CARTESIAN_POINT('',(-2.61,-1.6,6.E-02));
#339 = DIRECTION('',(0.,1.,0.));
#340 = DIRECTION('',(1.,0.,0.));
#341 = ADVANCED_FACE('',(#342),#385,.F.);
#342 = FACE_BOUND('',#343,.F.);
#343 = EDGE_LOOP('',(#344,#345,#346,#347,#355,#363,#371,#379));
#344 = ORIENTED_EDGE('',*,*,#171,.F.);
#345 = ORIENTED_EDGE('',*,*,#163,.T.);
#346 = ORIENTED_EDGE('',*,*,#155,.T.);
#347 = ORIENTED_EDGE('',*,*,#348,.T.);
#348 = EDGE_CURVE('',#147,#349,#351,.T.);
#349 = VERTEX_POINT('',#350);
#350 = CARTESIAN_POINT('',(2.55,-1.6,0.54));
#351 = LINE('',#352,#353);
#352 = CARTESIAN_POINT('',(-2.55,-1.6,0.54));
#353 = VECTOR('',#354,1.);
#354 = DIRECTION('',(1.,0.,0.));
#355 = ORIENTED_EDGE('',*,*,#356,.T.);
#356 = EDGE_CURVE('',#349,#357,#359,.T.);
#357 = VERTEX_POINT('',#358);
#358 = CARTESIAN_POINT('',(3.09,-1.6,0.54));
#359 = LINE('',#360,#361);
#360 = CARTESIAN_POINT('',(-3.09,-1.6,0.54));
#361 = VECTOR('',#362,1.);
#362 = DIRECTION('',(1.,0.,0.));
#363 = ORIENTED_EDGE('',*,*,#364,.F.);
#364 = EDGE_CURVE('',#365,#357,#367,.T.);
#365 = VERTEX_POINT('',#366);
#366 = CARTESIAN_POINT('',(3.09,-1.6,6.E-02));
#367 = LINE('',#368,#369);
#368 = CARTESIAN_POINT('',(3.09,-1.6,6.E-02));
#369 = VECTOR('',#370,1.);
#370 = DIRECTION('',(0.,0.,1.));
#371 = ORIENTED_EDGE('',*,*,#372,.F.);
#372 = EDGE_CURVE('',#373,#365,#375,.T.);
#373 = VERTEX_POINT('',#374);
#374 = CARTESIAN_POINT('',(2.55,-1.6,6.E-02));
#375 = LINE('',#376,#377);
#376 = CARTESIAN_POINT('',(-3.09,-1.6,6.E-02));
#377 = VECTOR('',#378,1.);
#378 = DIRECTION('',(1.,0.,0.));
#379 = ORIENTED_EDGE('',*,*,#380,.F.);
#380 = EDGE_CURVE('',#172,#373,#381,.T.);
#381 = LINE('',#382,#383);
#382 = CARTESIAN_POINT('',(-3.09,-1.6,6.E-02));
#383 = VECTOR('',#384,1.);
#384 = DIRECTION('',(1.,0.,0.));
#385 = PLANE('',#386);
#386 = AXIS2_PLACEMENT_3D('',#387,#388,#389);
#387 = CARTESIAN_POINT('',(-3.09,-1.6,6.E-02));
#388 = DIRECTION('',(0.,1.,0.));
#389 = DIRECTION('',(0.,-0.,1.));
#390 = ADVANCED_FACE('',(#391),#402,.T.);
#391 = FACE_BOUND('',#392,.T.);
#392 = EDGE_LOOP('',(#393,#394,#395,#396));
#393 = ORIENTED_EDGE('',*,*,#255,.F.);
#394 = ORIENTED_EDGE('',*,*,#220,.F.);
#395 = ORIENTED_EDGE('',*,*,#138,.T.);
#396 = ORIENTED_EDGE('',*,*,#397,.T.);
#397 = EDGE_CURVE('',#139,#256,#398,.T.);
#398 = LINE('',#399,#400);
#399 = CARTESIAN_POINT('',(-2.61,-1.6,0.6));
#400 = VECTOR('',#401,1.);
#401 = DIRECTION('',(0.,1.,0.));
#402 = PLANE('',#403);
#403 = AXIS2_PLACEMENT_3D('',#404,#405,#406);
#404 = CARTESIAN_POINT('',(-3.15,-1.6,0.6));
#405 = DIRECTION('',(0.,0.,1.));
#406 = DIRECTION('',(1.,0.,-0.));
#407 = ADVANCED_FACE('',(#408),#419,.T.);
#408 = FACE_BOUND('',#409,.T.);
#409 = EDGE_LOOP('',(#410,#416,#417,#418));
#410 = ORIENTED_EDGE('',*,*,#411,.T.);
#411 = EDGE_CURVE('',#147,#264,#412,.T.);
#412 = LINE('',#413,#414);
#413 = CARTESIAN_POINT('',(-2.55,-1.6,0.54));
#414 = VECTOR('',#415,1.);
#415 = DIRECTION('',(0.,1.,0.));
#416 = ORIENTED_EDGE('',*,*,#263,.T.);
#417 = ORIENTED_EDGE('',*,*,#397,.F.);
#418 = ORIENTED_EDGE('',*,*,#146,.F.);
#419 = CYLINDRICAL_SURFACE('',#420,6.E-02);
#420 = AXIS2_PLACEMENT_3D('',#421,#422,#423);
#421 = CARTESIAN_POINT('',(-2.61,-1.6,0.54));
#422 = DIRECTION('',(0.,1.,0.));
#423 = DIRECTION('',(1.,0.,0.));
#424 = ADVANCED_FACE('',(#425),#468,.T.);
#425 = FACE_BOUND('',#426,.T.);
#426 = EDGE_LOOP('',(#427,#428,#429,#430,#438,#446,#454,#462));
#427 = ORIENTED_EDGE('',*,*,#288,.F.);
#428 = ORIENTED_EDGE('',*,*,#280,.T.);
#429 = ORIENTED_EDGE('',*,*,#272,.T.);
#430 = ORIENTED_EDGE('',*,*,#431,.T.);
#431 = EDGE_CURVE('',#264,#432,#434,.T.);
#432 = VERTEX_POINT('',#433);
#433 = CARTESIAN_POINT('',(2.55,1.6,0.54));
#434 = LINE('',#435,#436);
#435 = CARTESIAN_POINT('',(-2.55,1.6,0.54));
#436 = VECTOR('',#437,1.);
#437 = DIRECTION('',(1.,0.,0.));
#438 = ORIENTED_EDGE('',*,*,#439,.T.);
#439 = EDGE_CURVE('',#432,#440,#442,.T.);
#440 = VERTEX_POINT('',#441);
#441 = CARTESIAN_POINT('',(3.09,1.6,0.54));
#442 = LINE('',#443,#444);
#443 = CARTESIAN_POINT('',(-3.09,1.6,0.54));
#444 = VECTOR('',#445,1.);
#445 = DIRECTION('',(1.,0.,0.));
#446 = ORIENTED_EDGE('',*,*,#447,.F.);
#447 = EDGE_CURVE('',#448,#440,#450,.T.);
#448 = VERTEX_POINT('',#449);
#449 = CARTESIAN_POINT('',(3.09,1.6,6.E-02));
#450 = LINE('',#451,#452);
#451 = CARTESIAN_POINT('',(3.09,1.6,6.E-02));
#452 = VECTOR('',#453,1.);
#453 = DIRECTION('',(0.,0.,1.));
#454 = ORIENTED_EDGE('',*,*,#455,.F.);
#455 = EDGE_CURVE('',#456,#448,#458,.T.);
#456 = VERTEX_POINT('',#457);
#457 = CARTESIAN_POINT('',(2.55,1.6,6.E-02));
#458 = LINE('',#459,#460);
#459 = CARTESIAN_POINT('',(-3.09,1.6,6.E-02));
#460 = VECTOR('',#461,1.);
#461 = DIRECTION('',(1.,0.,0.));
#462 = ORIENTED_EDGE('',*,*,#463,.F.);
#463 = EDGE_CURVE('',#289,#456,#464,.T.);
#464 = LINE('',#465,#466);
#465 = CARTESIAN_POINT('',(-3.09,1.6,6.E-02));
#466 = VECTOR('',#467,1.);
#467 = DIRECTION('',(1.,0.,0.));
#468 = PLANE('',#469);
#469 = AXIS2_PLACEMENT_3D('',#470,#471,#472);
#470 = CARTESIAN_POINT('',(-3.09,1.6,6.E-02));
#471 = DIRECTION('',(0.,1.,0.));
#472 = DIRECTION('',(0.,-0.,1.));
#473 = ADVANCED_FACE('',(#474),#485,.F.);
#474 = FACE_BOUND('',#475,.F.);
#475 = EDGE_LOOP('',(#476,#477,#478,#484));
#476 = ORIENTED_EDGE('',*,*,#331,.F.);
#477 = ORIENTED_EDGE('',*,*,#380,.T.);
#478 = ORIENTED_EDGE('',*,*,#479,.T.);
#479 = EDGE_CURVE('',#373,#456,#480,.T.);
#480 = LINE('',#481,#482);
#481 = CARTESIAN_POINT('',(2.55,-1.6,6.E-02));
#482 = VECTOR('',#483,1.);
#483 = DIRECTION('',(0.,1.,0.));
#484 = ORIENTED_EDGE('',*,*,#463,.F.);
#485 = PLANE('',#486);
#486 = AXIS2_PLACEMENT_3D('',#487,#488,#489);
#487 = CARTESIAN_POINT('',(-3.09,-1.6,6.E-02));
#488 = DIRECTION('',(0.,0.,1.));
#489 = DIRECTION('',(1.,0.,-0.));
#490 = ADVANCED_FACE('',(#491),#554,.F.);
#491 = FACE_BOUND('',#492,.F.);
#492 = EDGE_LOOP('',(#493,#503,#510,#511,#512,#513,#522,#530,#539,#547)
  );
#493 = ORIENTED_EDGE('',*,*,#494,.F.);
#494 = EDGE_CURVE('',#495,#497,#499,.T.);
#495 = VERTEX_POINT('',#496);
#496 = CARTESIAN_POINT('',(2.61,-1.6,0.));
#497 = VERTEX_POINT('',#498);
#498 = CARTESIAN_POINT('',(3.09,-1.6,0.));
#499 = LINE('',#500,#501);
#500 = CARTESIAN_POINT('',(2.55,-1.6,0.));
#501 = VECTOR('',#502,1.);
#502 = DIRECTION('',(1.,0.,0.));
#503 = ORIENTED_EDGE('',*,*,#504,.F.);
#504 = EDGE_CURVE('',#373,#495,#505,.T.);
#505 = CIRCLE('',#506,6.E-02);
#506 = AXIS2_PLACEMENT_3D('',#507,#508,#509);
#507 = CARTESIAN_POINT('',(2.61,-1.6,6.E-02));
#508 = DIRECTION('',(0.,-1.,0.));
#509 = DIRECTION('',(0.,0.,1.));
#510 = ORIENTED_EDGE('',*,*,#372,.T.);
#511 = ORIENTED_EDGE('',*,*,#364,.T.);
#512 = ORIENTED_EDGE('',*,*,#356,.F.);
#513 = ORIENTED_EDGE('',*,*,#514,.T.);
#514 = EDGE_CURVE('',#349,#515,#517,.T.);
#515 = VERTEX_POINT('',#516);
#516 = CARTESIAN_POINT('',(2.61,-1.6,0.6));
#517 = CIRCLE('',#518,6.E-02);
#518 = AXIS2_PLACEMENT_3D('',#519,#520,#521);
#519 = CARTESIAN_POINT('',(2.61,-1.6,0.54));
#520 = DIRECTION('',(0.,1.,0.));
#521 = DIRECTION('',(0.,-0.,1.));
#522 = ORIENTED_EDGE('',*,*,#523,.T.);
#523 = EDGE_CURVE('',#515,#524,#526,.T.);
#524 = VERTEX_POINT('',#525);
#525 = CARTESIAN_POINT('',(3.09,-1.6,0.6));
#526 = LINE('',#527,#528);
#527 = CARTESIAN_POINT('',(2.55,-1.6,0.6));
#528 = VECTOR('',#529,1.);
#529 = DIRECTION('',(1.,0.,0.));
#530 = ORIENTED_EDGE('',*,*,#531,.F.);
#531 = EDGE_CURVE('',#532,#524,#534,.T.);
#532 = VERTEX_POINT('',#533);
#533 = CARTESIAN_POINT('',(3.15,-1.6,0.54));
#534 = CIRCLE('',#535,6.E-02);
#535 = AXIS2_PLACEMENT_3D('',#536,#537,#538);
#536 = CARTESIAN_POINT('',(3.09,-1.6,0.54));
#537 = DIRECTION('',(0.,-1.,0.));
#538 = DIRECTION('',(0.,0.,1.));
#539 = ORIENTED_EDGE('',*,*,#540,.F.);
#540 = EDGE_CURVE('',#541,#532,#543,.T.);
#541 = VERTEX_POINT('',#542);
#542 = CARTESIAN_POINT('',(3.15,-1.6,6.E-02));
#543 = LINE('',#544,#545);
#544 = CARTESIAN_POINT('',(3.15,-1.6,0.));
#545 = VECTOR('',#546,1.);
#546 = DIRECTION('',(0.,0.,1.));
#547 = ORIENTED_EDGE('',*,*,#548,.T.);
#548 = EDGE_CURVE('',#541,#497,#549,.T.);
#549 = CIRCLE('',#550,6.E-02);
#550 = AXIS2_PLACEMENT_3D('',#551,#552,#553);
#551 = CARTESIAN_POINT('',(3.09,-1.6,6.E-02));
#552 = DIRECTION('',(0.,1.,0.));
#553 = DIRECTION('',(0.,-0.,1.));
#554 = PLANE('',#555);
#555 = AXIS2_PLACEMENT_3D('',#556,#557,#558);
#556 = CARTESIAN_POINT('',(2.55,-1.6,0.));
#557 = DIRECTION('',(0.,1.,0.));
#558 = DIRECTION('',(0.,-0.,1.));
#559 = ADVANCED_FACE('',(#560),#585,.F.);
#560 = FACE_BOUND('',#561,.F.);
#561 = EDGE_LOOP('',(#562,#563,#571,#579));
#562 = ORIENTED_EDGE('',*,*,#348,.F.);
#563 = ORIENTED_EDGE('',*,*,#564,.T.);
#564 = EDGE_CURVE('',#147,#565,#567,.T.);
#565 = VERTEX_POINT('',#566);
#566 = CARTESIAN_POINT('',(-2.55,-1.6,0.6));
#567 = LINE('',#568,#569);
#568 = CARTESIAN_POINT('',(-2.55,-1.6,0.54));
#569 = VECTOR('',#570,1.);
#570 = DIRECTION('',(0.,0.,1.));
#571 = ORIENTED_EDGE('',*,*,#572,.T.);
#572 = EDGE_CURVE('',#565,#573,#575,.T.);
#573 = VERTEX_POINT('',#574);
#574 = CARTESIAN_POINT('',(2.55,-1.6,0.6));
#575 = LINE('',#576,#577);
#576 = CARTESIAN_POINT('',(-2.55,-1.6,0.6));
#577 = VECTOR('',#578,1.);
#578 = DIRECTION('',(1.,0.,0.));
#579 = ORIENTED_EDGE('',*,*,#580,.F.);
#580 = EDGE_CURVE('',#349,#573,#581,.T.);
#581 = LINE('',#582,#583);
#582 = CARTESIAN_POINT('',(2.55,-1.6,0.54));
#583 = VECTOR('',#584,1.);
#584 = DIRECTION('',(0.,0.,1.));
#585 = PLANE('',#586);
#586 = AXIS2_PLACEMENT_3D('',#587,#588,#589);
#587 = CARTESIAN_POINT('',(-2.55,-1.6,0.54));
#588 = DIRECTION('',(0.,1.,0.));
#589 = DIRECTION('',(0.,-0.,1.));
#590 = ADVANCED_FACE('',(#591),#609,.F.);
#591 = FACE_BOUND('',#592,.F.);
#592 = EDGE_LOOP('',(#593,#594,#595,#603));
#593 = ORIENTED_EDGE('',*,*,#564,.F.);
#594 = ORIENTED_EDGE('',*,*,#411,.T.);
#595 = ORIENTED_EDGE('',*,*,#596,.T.);
#596 = EDGE_CURVE('',#264,#597,#599,.T.);
#597 = VERTEX_POINT('',#598);
#598 = CARTESIAN_POINT('',(-2.55,1.6,0.6));
#599 = LINE('',#600,#601);
#600 = CARTESIAN_POINT('',(-2.55,1.6,0.54));
#601 = VECTOR('',#602,1.);
#602 = DIRECTION('',(0.,0.,1.));
#603 = ORIENTED_EDGE('',*,*,#604,.F.);
#604 = EDGE_CURVE('',#565,#597,#605,.T.);
#605 = LINE('',#606,#607);
#606 = CARTESIAN_POINT('',(-2.55,-1.6,0.6));
#607 = VECTOR('',#608,1.);
#608 = DIRECTION('',(0.,1.,0.));
#609 = PLANE('',#610);
#610 = AXIS2_PLACEMENT_3D('',#611,#612,#613);
#611 = CARTESIAN_POINT('',(-2.55,-1.6,0.54));
#612 = DIRECTION('',(1.,0.,0.));
#613 = DIRECTION('',(0.,0.,1.));
#614 = ADVANCED_FACE('',(#615),#678,.T.);
#615 = FACE_BOUND('',#616,.T.);
#616 = EDGE_LOOP('',(#617,#627,#634,#635,#636,#637,#646,#654,#663,#671)
  );
#617 = ORIENTED_EDGE('',*,*,#618,.F.);
#618 = EDGE_CURVE('',#619,#621,#623,.T.);
#619 = VERTEX_POINT('',#620);
#620 = CARTESIAN_POINT('',(2.61,1.6,0.));
#621 = VERTEX_POINT('',#622);
#622 = CARTESIAN_POINT('',(3.09,1.6,0.));
#623 = LINE('',#624,#625);
#624 = CARTESIAN_POINT('',(2.55,1.6,0.));
#625 = VECTOR('',#626,1.);
#626 = DIRECTION('',(1.,0.,0.));
#627 = ORIENTED_EDGE('',*,*,#628,.F.);
#628 = EDGE_CURVE('',#456,#619,#629,.T.);
#629 = CIRCLE('',#630,6.E-02);
#630 = AXIS2_PLACEMENT_3D('',#631,#632,#633);
#631 = CARTESIAN_POINT('',(2.61,1.6,6.E-02));
#632 = DIRECTION('',(0.,-1.,0.));
#633 = DIRECTION('',(0.,0.,1.));
#634 = ORIENTED_EDGE('',*,*,#455,.T.);
#635 = ORIENTED_EDGE('',*,*,#447,.T.);
#636 = ORIENTED_EDGE('',*,*,#439,.F.);
#637 = ORIENTED_EDGE('',*,*,#638,.T.);
#638 = EDGE_CURVE('',#432,#639,#641,.T.);
#639 = VERTEX_POINT('',#640);
#640 = CARTESIAN_POINT('',(2.61,1.6,0.6));
#641 = CIRCLE('',#642,6.E-02);
#642 = AXIS2_PLACEMENT_3D('',#643,#644,#645);
#643 = CARTESIAN_POINT('',(2.61,1.6,0.54));
#644 = DIRECTION('',(0.,1.,0.));
#645 = DIRECTION('',(0.,-0.,1.));
#646 = ORIENTED_EDGE('',*,*,#647,.T.);
#647 = EDGE_CURVE('',#639,#648,#650,.T.);
#648 = VERTEX_POINT('',#649);
#649 = CARTESIAN_POINT('',(3.09,1.6,0.6));
#650 = LINE('',#651,#652);
#651 = CARTESIAN_POINT('',(2.55,1.6,0.6));
#652 = VECTOR('',#653,1.);
#653 = DIRECTION('',(1.,0.,0.));
#654 = ORIENTED_EDGE('',*,*,#655,.F.);
#655 = EDGE_CURVE('',#656,#648,#658,.T.);
#656 = VERTEX_POINT('',#657);
#657 = CARTESIAN_POINT('',(3.15,1.6,0.54));
#658 = CIRCLE('',#659,6.E-02);
#659 = AXIS2_PLACEMENT_3D('',#660,#661,#662);
#660 = CARTESIAN_POINT('',(3.09,1.6,0.54));
#661 = DIRECTION('',(0.,-1.,0.));
#662 = DIRECTION('',(0.,0.,1.));
#663 = ORIENTED_EDGE('',*,*,#664,.F.);
#664 = EDGE_CURVE('',#665,#656,#667,.T.);
#665 = VERTEX_POINT('',#666);
#666 = CARTESIAN_POINT('',(3.15,1.6,6.E-02));
#667 = LINE('',#668,#669);
#668 = CARTESIAN_POINT('',(3.15,1.6,0.));
#669 = VECTOR('',#670,1.);
#670 = DIRECTION('',(0.,0.,1.));
#671 = ORIENTED_EDGE('',*,*,#672,.T.);
#672 = EDGE_CURVE('',#665,#621,#673,.T.);
#673 = CIRCLE('',#674,6.E-02);
#674 = AXIS2_PLACEMENT_3D('',#675,#676,#677);
#675 = CARTESIAN_POINT('',(3.09,1.6,6.E-02));
#676 = DIRECTION('',(0.,1.,0.));
#677 = DIRECTION('',(0.,-0.,1.));
#678 = PLANE('',#679);
#679 = AXIS2_PLACEMENT_3D('',#680,#681,#682);
#680 = CARTESIAN_POINT('',(2.55,1.6,0.));
#681 = DIRECTION('',(0.,1.,0.));
#682 = DIRECTION('',(0.,-0.,1.));
#683 = ADVANCED_FACE('',(#684),#702,.T.);
#684 = FACE_BOUND('',#685,.T.);
#685 = EDGE_LOOP('',(#686,#687,#688,#696));
#686 = ORIENTED_EDGE('',*,*,#431,.F.);
#687 = ORIENTED_EDGE('',*,*,#596,.T.);
#688 = ORIENTED_EDGE('',*,*,#689,.T.);
#689 = EDGE_CURVE('',#597,#690,#692,.T.);
#690 = VERTEX_POINT('',#691);
#691 = CARTESIAN_POINT('',(2.55,1.6,0.6));
#692 = LINE('',#693,#694);
#693 = CARTESIAN_POINT('',(-2.55,1.6,0.6));
#694 = VECTOR('',#695,1.);
#695 = DIRECTION('',(1.,0.,0.));
#696 = ORIENTED_EDGE('',*,*,#697,.F.);
#697 = EDGE_CURVE('',#432,#690,#698,.T.);
#698 = LINE('',#699,#700);
#699 = CARTESIAN_POINT('',(2.55,1.6,0.54));
#700 = VECTOR('',#701,1.);
#701 = DIRECTION('',(0.,0.,1.));
#702 = PLANE('',#703);
#703 = AXIS2_PLACEMENT_3D('',#704,#705,#706);
#704 = CARTESIAN_POINT('',(-2.55,1.6,0.54));
#705 = DIRECTION('',(0.,1.,0.));
#706 = DIRECTION('',(0.,-0.,1.));
#707 = ADVANCED_FACE('',(#708),#719,.T.);
#708 = FACE_BOUND('',#709,.T.);
#709 = EDGE_LOOP('',(#710,#711,#712,#718));
#710 = ORIENTED_EDGE('',*,*,#479,.T.);
#711 = ORIENTED_EDGE('',*,*,#628,.T.);
#712 = ORIENTED_EDGE('',*,*,#713,.F.);
#713 = EDGE_CURVE('',#495,#619,#714,.T.);
#714 = LINE('',#715,#716);
#715 = CARTESIAN_POINT('',(2.61,-1.6,0.));
#716 = VECTOR('',#717,1.);
#717 = DIRECTION('',(0.,1.,0.));
#718 = ORIENTED_EDGE('',*,*,#504,.F.);
#719 = CYLINDRICAL_SURFACE('',#720,6.E-02);
#720 = AXIS2_PLACEMENT_3D('',#721,#722,#723);
#721 = CARTESIAN_POINT('',(2.61,-1.6,6.E-02));
#722 = DIRECTION('',(0.,1.,0.));
#723 = DIRECTION('',(-1.,0.,0.));
#724 = ADVANCED_FACE('',(#725),#736,.F.);
#725 = FACE_BOUND('',#726,.F.);
#726 = EDGE_LOOP('',(#727,#728,#729,#730));
#727 = ORIENTED_EDGE('',*,*,#618,.F.);
#728 = ORIENTED_EDGE('',*,*,#713,.F.);
#729 = ORIENTED_EDGE('',*,*,#494,.T.);
#730 = ORIENTED_EDGE('',*,*,#731,.T.);
#731 = EDGE_CURVE('',#497,#621,#732,.T.);
#732 = LINE('',#733,#734);
#733 = CARTESIAN_POINT('',(3.09,-1.6,0.));
#734 = VECTOR('',#735,1.);
#735 = DIRECTION('',(0.,1.,0.));
#736 = PLANE('',#737);
#737 = AXIS2_PLACEMENT_3D('',#738,#739,#740);
#738 = CARTESIAN_POINT('',(2.55,-1.6,0.));
#739 = DIRECTION('',(0.,0.,1.));
#740 = DIRECTION('',(1.,0.,-0.));
#741 = ADVANCED_FACE('',(#742),#753,.T.);
#742 = FACE_BOUND('',#743,.T.);
#743 = EDGE_LOOP('',(#744,#745,#746,#747));
#744 = ORIENTED_EDGE('',*,*,#548,.T.);
#745 = ORIENTED_EDGE('',*,*,#731,.T.);
#746 = ORIENTED_EDGE('',*,*,#672,.F.);
#747 = ORIENTED_EDGE('',*,*,#748,.F.);
#748 = EDGE_CURVE('',#541,#665,#749,.T.);
#749 = LINE('',#750,#751);
#750 = CARTESIAN_POINT('',(3.15,-1.6,6.E-02));
#751 = VECTOR('',#752,1.);
#752 = DIRECTION('',(0.,1.,0.));
#753 = CYLINDRICAL_SURFACE('',#754,6.E-02);
#754 = AXIS2_PLACEMENT_3D('',#755,#756,#757);
#755 = CARTESIAN_POINT('',(3.09,-1.6,6.E-02));
#756 = DIRECTION('',(0.,1.,0.));
#757 = DIRECTION('',(1.,0.,0.));
#758 = ADVANCED_FACE('',(#759),#770,.T.);
#759 = FACE_BOUND('',#760,.T.);
#760 = EDGE_LOOP('',(#761,#762,#763,#764));
#761 = ORIENTED_EDGE('',*,*,#540,.F.);
#762 = ORIENTED_EDGE('',*,*,#748,.T.);
#763 = ORIENTED_EDGE('',*,*,#664,.T.);
#764 = ORIENTED_EDGE('',*,*,#765,.F.);
#765 = EDGE_CURVE('',#532,#656,#766,.T.);
#766 = LINE('',#767,#768);
#767 = CARTESIAN_POINT('',(3.15,-1.6,0.54));
#768 = VECTOR('',#769,1.);
#769 = DIRECTION('',(0.,1.,0.));
#770 = PLANE('',#771);
#771 = AXIS2_PLACEMENT_3D('',#772,#773,#774);
#772 = CARTESIAN_POINT('',(3.15,-1.6,0.));
#773 = DIRECTION('',(1.,0.,0.));
#774 = DIRECTION('',(0.,0.,1.));
#775 = ADVANCED_FACE('',(#776),#787,.T.);
#776 = FACE_BOUND('',#777,.T.);
#777 = EDGE_LOOP('',(#778,#779,#780,#786));
#778 = ORIENTED_EDGE('',*,*,#765,.T.);
#779 = ORIENTED_EDGE('',*,*,#655,.T.);
#780 = ORIENTED_EDGE('',*,*,#781,.F.);
#781 = EDGE_CURVE('',#524,#648,#782,.T.);
#782 = LINE('',#783,#784);
#783 = CARTESIAN_POINT('',(3.09,-1.6,0.6));
#784 = VECTOR('',#785,1.);
#785 = DIRECTION('',(0.,1.,0.));
#786 = ORIENTED_EDGE('',*,*,#531,.F.);
#787 = CYLINDRICAL_SURFACE('',#788,6.E-02);
#788 = AXIS2_PLACEMENT_3D('',#789,#790,#791);
#789 = CARTESIAN_POINT('',(3.09,-1.6,0.54));
#790 = DIRECTION('',(0.,1.,0.));
#791 = DIRECTION('',(1.,0.,0.));
#792 = ADVANCED_FACE('',(#793),#804,.T.);
#793 = FACE_BOUND('',#794,.T.);
#794 = EDGE_LOOP('',(#795,#796,#802,#803));
#795 = ORIENTED_EDGE('',*,*,#647,.F.);
#796 = ORIENTED_EDGE('',*,*,#797,.F.);
#797 = EDGE_CURVE('',#515,#639,#798,.T.);
#798 = LINE('',#799,#800);
#799 = CARTESIAN_POINT('',(2.61,-1.6,0.6));
#800 = VECTOR('',#801,1.);
#801 = DIRECTION('',(0.,1.,0.));
#802 = ORIENTED_EDGE('',*,*,#523,.T.);
#803 = ORIENTED_EDGE('',*,*,#781,.T.);
#804 = PLANE('',#805);
#805 = AXIS2_PLACEMENT_3D('',#806,#807,#808);
#806 = CARTESIAN_POINT('',(2.55,-1.6,0.6));
#807 = DIRECTION('',(0.,0.,1.));
#808 = DIRECTION('',(1.,0.,-0.));
#809 = ADVANCED_FACE('',(#810),#821,.T.);
#810 = FACE_BOUND('',#811,.T.);
#811 = EDGE_LOOP('',(#812,#813,#814,#815));
#812 = ORIENTED_EDGE('',*,*,#514,.T.);
#813 = ORIENTED_EDGE('',*,*,#797,.T.);
#814 = ORIENTED_EDGE('',*,*,#638,.F.);
#815 = ORIENTED_EDGE('',*,*,#816,.F.);
#816 = EDGE_CURVE('',#349,#432,#817,.T.);
#817 = LINE('',#818,#819);
#818 = CARTESIAN_POINT('',(2.55,-1.6,0.54));
#819 = VECTOR('',#820,1.);
#820 = DIRECTION('',(0.,1.,0.));
#821 = CYLINDRICAL_SURFACE('',#822,6.E-02);
#822 = AXIS2_PLACEMENT_3D('',#823,#824,#825);
#823 = CARTESIAN_POINT('',(2.61,-1.6,0.54));
#824 = DIRECTION('',(0.,1.,0.));
#825 = DIRECTION('',(-1.,0.,0.));
#826 = ADVANCED_FACE('',(#827),#838,.T.);
#827 = FACE_BOUND('',#828,.T.);
#828 = EDGE_LOOP('',(#829,#830,#831,#832));
#829 = ORIENTED_EDGE('',*,*,#580,.F.);
#830 = ORIENTED_EDGE('',*,*,#816,.T.);
#831 = ORIENTED_EDGE('',*,*,#697,.T.);
#832 = ORIENTED_EDGE('',*,*,#833,.F.);
#833 = EDGE_CURVE('',#573,#690,#834,.T.);
#834 = LINE('',#835,#836);
#835 = CARTESIAN_POINT('',(2.55,-1.6,0.6));
#836 = VECTOR('',#837,1.);
#837 = DIRECTION('',(0.,1.,0.));
#838 = PLANE('',#839);
#839 = AXIS2_PLACEMENT_3D('',#840,#841,#842);
#840 = CARTESIAN_POINT('',(2.55,-1.6,0.54));
#841 = DIRECTION('',(1.,0.,0.));
#842 = DIRECTION('',(0.,0.,1.));
#843 = ADVANCED_FACE('',(#844),#850,.T.);
#844 = FACE_BOUND('',#845,.T.);
#845 = EDGE_LOOP('',(#846,#847,#848,#849));
#846 = ORIENTED_EDGE('',*,*,#604,.F.);
#847 = ORIENTED_EDGE('',*,*,#572,.T.);
#848 = ORIENTED_EDGE('',*,*,#833,.T.);
#849 = ORIENTED_EDGE('',*,*,#689,.F.);
#850 = PLANE('',#851);
#851 = AXIS2_PLACEMENT_3D('',#852,#853,#854);
#852 = CARTESIAN_POINT('',(-2.55,-1.6,0.6));
#853 = DIRECTION('',(0.,0.,1.));
#854 = DIRECTION('',(1.,0.,-0.));
#855 = ( GEOMETRIC_REPRESENTATION_CONTEXT(3) 
GLOBAL_UNCERTAINTY_ASSIGNED_CONTEXT((#859)) GLOBAL_UNIT_ASSIGNED_CONTEXT
((#856,#857,#858)) REPRESENTATION_CONTEXT('Context #1',
  '3D Context with UNIT and UNCERTAINTY') );
#856 = ( LENGTH_UNIT() NAMED_UNIT(*) SI_UNIT(.MILLI.,.METRE.) );
#857 = ( NAMED_UNIT(*) PLANE_ANGLE_UNIT() SI_UNIT($,.RADIAN.) );
#858 = ( NAMED_UNIT(*) SI_UNIT($,.STERADIAN.) SOLID_ANGLE_UNIT() );
#859 = UNCERTAINTY_MEASURE_WITH_UNIT(LENGTH_MEASURE(1.E-07),#856,
  'distance_accuracy_value','confusion accuracy');
#860 = CONTEXT_DEPENDENT_SHAPE_REPRESENTATION(#861,#863);
#861 = ( REPRESENTATION_RELATIONSHIP('','',#64,#10) 
REPRESENTATION_RELATIONSHIP_WITH_TRANSFORMATION(#862) 
SHAPE_REPRESENTATION_RELATIONSHIP() );
#862 = ITEM_DEFINED_TRANSFORMATION('','',#11,#15);
#863 = PRODUCT_DEFINITION_SHAPE('Placement','Placement of an item',#864
  );
#864 = NEXT_ASSEMBLY_USAGE_OCCURRENCE('1','REF**','',#5,#59,$);
#865 = PRODUCT_RELATED_PRODUCT_CATEGORY('part',$,(#61));
#866 = CONTEXT_DEPENDENT_SHAPE_REPRESENTATION(#867,#869);
#867 = ( REPRESENTATION_RELATIONSHIP('','',#64,#10) 
REPRESENTATION_RELATIONSHIP_WITH_TRANSFORMATION(#868) 
SHAPE_REPRESENTATION_RELATIONSHIP() );
#868 = ITEM_DEFINED_TRANSFORMATION('','',#11,#19);
#869 = PRODUCT_DEFINITION_SHAPE('Placement','Placement of an item',#870
  );
#870 = NEXT_ASSEMBLY_USAGE_OCCURRENCE('2','REF**','',#5,#59,$);
#871 = CONTEXT_DEPENDENT_SHAPE_REPRESENTATION(#872,#874);
#872 = ( REPRESENTATION_RELATIONSHIP('','',#64,#10) 
REPRESENTATION_RELATIONSHIP_WITH_TRANSFORMATION(#873) 
SHAPE_REPRESENTATION_RELATIONSHIP() );
#873 = ITEM_DEFINED_TRANSFORMATION('','',#11,#23);
#874 = PRODUCT_DEFINITION_SHAPE('Placement','Placement of an item',#875
  );
#875 = NEXT_ASSEMBLY_USAGE_OCCURRENCE('3','REF**','',#5,#59,$);
#876 = CONTEXT_DEPENDENT_SHAPE_REPRESENTATION(#877,#879);
#877 = ( REPRESENTATION_RELATIONSHIP('','',#64,#10) 
REPRESENTATION_RELATIONSHIP_WITH_TRANSFORMATION(#878) 
SHAPE_REPRESENTATION_RELATIONSHIP() );
#878 = ITEM_DEFINED_TRANSFORMATION('','',#11,#27);
#879 = PRODUCT_DEFINITION_SHAPE('Placement','Placement of an item',#880
  );
#880 = NEXT_ASSEMBLY_USAGE_OCCURRENCE('4','REF**','',#5,#59,$);
#881 = CONTEXT_DEPENDENT_SHAPE_REPRESENTATION(#882,#884);
#882 = ( REPRESENTATION_RELATIONSHIP('','',#64,#10) 
REPRESENTATION_RELATIONSHIP_WITH_TRANSFORMATION(#883) 
SHAPE_REPRESENTATION_RELATIONSHIP() );
#883 = ITEM_DEFINED_TRANSFORMATION('','',#11,#31);
#884 = PRODUCT_DEFINITION_SHAPE('Placement','Placement of an item',#885
  );
#885 = NEXT_ASSEMBLY_USAGE_OCCURRENCE('5','REF**','',#5,#59,$);
#886 = CONTEXT_DEPENDENT_SHAPE_REPRESENTATION(#887,#889);
#887 = ( REPRESENTATION_RELATIONSHIP('','',#64,#10) 
REPRESENTATION_RELATIONSHIP_WITH_TRANSFORMATION(#888) 
SHAPE_REPRESENTATION_RELATIONSHIP() );
#888 = ITEM_DEFINED_TRANSFORMATION('','',#11,#35);
#889 = PRODUCT_DEFINITION_SHAPE('Placement','Placement of an item',#890
  );
#890 = NEXT_ASSEMBLY_USAGE_OCCURRENCE('6','REF**','',#5,#59,$);
#891 = CONTEXT_DEPENDENT_SHAPE_REPRESENTATION(#892,#894);
#892 = ( REPRESENTATION_RELATIONSHIP('','',#64,#10) 
REPRESENTATION_RELATIONSHIP_WITH_TRANSFORMATION(#893) 
SHAPE_REPRESENTATION_RELATIONSHIP() );
#893 = ITEM_DEFINED_TRANSFORMATION('','',#11,#39);
#894 = PRODUCT_DEFINITION_SHAPE('Placement','Placement of an item',#895
  );
#895 = NEXT_ASSEMBLY_USAGE_OCCURRENCE('7','REF**','',#5,#59,$);
#896 = CONTEXT_DEPENDENT_SHAPE_REPRESENTATION(#897,#899);
#897 = ( REPRESENTATION_RELATIONSHIP('','',#64,#10) 
REPRESENTATION_RELATIONSHIP_WITH_TRANSFORMATION(#898) 
SHAPE_REPRESENTATION_RELATIONSHIP() );
#898 = ITEM_DEFINED_TRANSFORMATION('','',#11,#43);
#899 = PRODUCT_DEFINITION_SHAPE('Placement','Placement of an item',#900
  );
#900 = NEXT_ASSEMBLY_USAGE_OCCURRENCE('8','REF**','',#5,#59,$);
#901 = SHAPE_DEFINITION_REPRESENTATION(#902,#908);
#902 = PRODUCT_DEFINITION_SHAPE('','',#903);
#903 = PRODUCT_DEFINITION('design','',#904,#907);
#904 = PRODUCT_DEFINITION_FORMATION('','',#905);
#905 = PRODUCT('turnstileUHF_PCB','turnstileUHF_PCB','',(#906));
#906 = PRODUCT_CONTEXT('',#2,'mechanical');
#907 = PRODUCT_DEFINITION_CONTEXT('part definition',#2,'design');
#908 = ADVANCED_BREP_SHAPE_REPRESENTATION('',(#11,#909),#2571);
#909 = MANIFOLD_SOLID_BREP('',#910);
#910 = CLOSED_SHELL('',(#911,#951,#982,#1013,#1446,#1879,#1896,#1913,
    #1930,#1947,#1964,#1981,#1998,#2015,#2027,#2044,#2061,#2078,#2095,
    #2112,#2129,#2146,#2163,#2180,#2197,#2214,#2231,#2248,#2265,#2282,
    #2299,#2316,#2333,#2350,#2367,#2384,#2401,#2418,#2435,#2452,#2469,
    #2486,#2503,#2520,#2537,#2554));
#911 = ADVANCED_FACE('',(#912),#946,.T.);
#912 = FACE_BOUND('',#913,.T.);
#913 = EDGE_LOOP('',(#914,#924,#932,#940));
#914 = ORIENTED_EDGE('',*,*,#915,.T.);
#915 = EDGE_CURVE('',#916,#918,#920,.T.);
#916 = VERTEX_POINT('',#917);
#917 = CARTESIAN_POINT('',(222.77,-80.18,0.));
#918 = VERTEX_POINT('',#919);
#919 = CARTESIAN_POINT('',(222.77,-80.18,1.51));
#920 = LINE('',#921,#922);
#921 = CARTESIAN_POINT('',(222.77,-80.18,0.));
#922 = VECTOR('',#923,1.);
#923 = DIRECTION('',(0.,0.,1.));
#924 = ORIENTED_EDGE('',*,*,#925,.T.);
#925 = EDGE_CURVE('',#918,#926,#928,.T.);
#926 = VERTEX_POINT('',#927);
#927 = CARTESIAN_POINT('',(232.27,-80.18,1.51));
#928 = LINE('',#929,#930);
#929 = CARTESIAN_POINT('',(222.77,-80.18,1.51));
#930 = VECTOR('',#931,1.);
#931 = DIRECTION('',(1.,0.,0.));
#932 = ORIENTED_EDGE('',*,*,#933,.F.);
#933 = EDGE_CURVE('',#934,#926,#936,.T.);
#934 = VERTEX_POINT('',#935);
#935 = CARTESIAN_POINT('',(232.27,-80.18,0.));
#936 = LINE('',#937,#938);
#937 = CARTESIAN_POINT('',(232.27,-80.18,0.));
#938 = VECTOR('',#939,1.);
#939 = DIRECTION('',(0.,0.,1.));
#940 = ORIENTED_EDGE('',*,*,#941,.F.);
#941 = EDGE_CURVE('',#916,#934,#942,.T.);
#942 = LINE('',#943,#944);
#943 = CARTESIAN_POINT('',(222.77,-80.18,0.));
#944 = VECTOR('',#945,1.);
#945 = DIRECTION('',(1.,0.,0.));
#946 = PLANE('',#947);
#947 = AXIS2_PLACEMENT_3D('',#948,#949,#950);
#948 = CARTESIAN_POINT('',(222.77,-80.18,0.));
#949 = DIRECTION('',(0.,1.,0.));
#950 = DIRECTION('',(1.,0.,0.));
#951 = ADVANCED_FACE('',(#952),#977,.T.);
#952 = FACE_BOUND('',#953,.T.);
#953 = EDGE_LOOP('',(#954,#964,#970,#971));
#954 = ORIENTED_EDGE('',*,*,#955,.T.);
#955 = EDGE_CURVE('',#956,#958,#960,.T.);
#956 = VERTEX_POINT('',#957);
#957 = CARTESIAN_POINT('',(222.77,-70.68,0.));
#958 = VERTEX_POINT('',#959);
#959 = CARTESIAN_POINT('',(222.77,-70.68,1.51));
#960 = LINE('',#961,#962);
#961 = CARTESIAN_POINT('',(222.77,-70.68,0.));
#962 = VECTOR('',#963,1.);
#963 = DIRECTION('',(0.,0.,1.));
#964 = ORIENTED_EDGE('',*,*,#965,.T.);
#965 = EDGE_CURVE('',#958,#918,#966,.T.);
#966 = LINE('',#967,#968);
#967 = CARTESIAN_POINT('',(222.77,-70.68,1.51));
#968 = VECTOR('',#969,1.);
#969 = DIRECTION('',(0.,-1.,0.));
#970 = ORIENTED_EDGE('',*,*,#915,.F.);
#971 = ORIENTED_EDGE('',*,*,#972,.F.);
#972 = EDGE_CURVE('',#956,#916,#973,.T.);
#973 = LINE('',#974,#975);
#974 = CARTESIAN_POINT('',(222.77,-70.68,0.));
#975 = VECTOR('',#976,1.);
#976 = DIRECTION('',(0.,-1.,0.));
#977 = PLANE('',#978);
#978 = AXIS2_PLACEMENT_3D('',#979,#980,#981);
#979 = CARTESIAN_POINT('',(222.77,-70.68,0.));
#980 = DIRECTION('',(1.,0.,-0.));
#981 = DIRECTION('',(0.,-1.,0.));
#982 = ADVANCED_FACE('',(#983),#1008,.T.);
#983 = FACE_BOUND('',#984,.T.);
#984 = EDGE_LOOP('',(#985,#986,#994,#1002));
#985 = ORIENTED_EDGE('',*,*,#933,.T.);
#986 = ORIENTED_EDGE('',*,*,#987,.T.);
#987 = EDGE_CURVE('',#926,#988,#990,.T.);
#988 = VERTEX_POINT('',#989);
#989 = CARTESIAN_POINT('',(232.27,-159.18,1.51));
#990 = LINE('',#991,#992);
#991 = CARTESIAN_POINT('',(232.27,-80.18,1.51));
#992 = VECTOR('',#993,1.);
#993 = DIRECTION('',(0.,-1.,0.));
#994 = ORIENTED_EDGE('',*,*,#995,.F.);
#995 = EDGE_CURVE('',#996,#988,#998,.T.);
#996 = VERTEX_POINT('',#997);
#997 = CARTESIAN_POINT('',(232.27,-159.18,0.));
#998 = LINE('',#999,#1000);
#999 = CARTESIAN_POINT('',(232.27,-159.18,0.));
#1000 = VECTOR('',#1001,1.);
#1001 = DIRECTION('',(0.,0.,1.));
#1002 = ORIENTED_EDGE('',*,*,#1003,.F.);
#1003 = EDGE_CURVE('',#934,#996,#1004,.T.);
#1004 = LINE('',#1005,#1006);
#1005 = CARTESIAN_POINT('',(232.27,-80.18,0.));
#1006 = VECTOR('',#1007,1.);
#1007 = DIRECTION('',(0.,-1.,0.));
#1008 = PLANE('',#1009);
#1009 = AXIS2_PLACEMENT_3D('',#1010,#1011,#1012);
#1010 = CARTESIAN_POINT('',(232.27,-80.18,0.));
#1011 = DIRECTION('',(1.,0.,-0.));
#1012 = DIRECTION('',(0.,-1.,0.));
#1013 = ADVANCED_FACE('',(#1014,#1089,#1100,#1111,#1122,#1133,#1144,
    #1155,#1166,#1177,#1188,#1199,#1210,#1221,#1232,#1243,#1254,#1265,
    #1276,#1287,#1298,#1309,#1320,#1331,#1342,#1353,#1364,#1375,#1386,
    #1397,#1408,#1419,#1430),#1441,.F.);
#1014 = FACE_BOUND('',#1015,.F.);
#1015 = EDGE_LOOP('',(#1016,#1017,#1018,#1026,#1034,#1042,#1050,#1058,
    #1066,#1074,#1082,#1088));
#1016 = ORIENTED_EDGE('',*,*,#941,.F.);
#1017 = ORIENTED_EDGE('',*,*,#972,.F.);
#1018 = ORIENTED_EDGE('',*,*,#1019,.F.);
#1019 = EDGE_CURVE('',#1020,#956,#1022,.T.);
#1020 = VERTEX_POINT('',#1021);
#1021 = CARTESIAN_POINT('',(143.77,-70.68,0.));
#1022 = LINE('',#1023,#1024);
#1023 = CARTESIAN_POINT('',(143.77,-70.68,0.));
#1024 = VECTOR('',#1025,1.);
#1025 = DIRECTION('',(1.,0.,0.));
#1026 = ORIENTED_EDGE('',*,*,#1027,.F.);
#1027 = EDGE_CURVE('',#1028,#1020,#1030,.T.);
#1028 = VERTEX_POINT('',#1029);
#1029 = CARTESIAN_POINT('',(143.77,-80.18,0.));
#1030 = LINE('',#1031,#1032);
#1031 = CARTESIAN_POINT('',(143.77,-80.18,0.));
#1032 = VECTOR('',#1033,1.);
#1033 = DIRECTION('',(0.,1.,0.));
#1034 = ORIENTED_EDGE('',*,*,#1035,.F.);
#1035 = EDGE_CURVE('',#1036,#1028,#1038,.T.);
#1036 = VERTEX_POINT('',#1037);
#1037 = CARTESIAN_POINT('',(134.27,-80.18,0.));
#1038 = LINE('',#1039,#1040);
#1039 = CARTESIAN_POINT('',(134.27,-80.18,0.));
#1040 = VECTOR('',#1041,1.);
#1041 = DIRECTION('',(1.,0.,0.));
#1042 = ORIENTED_EDGE('',*,*,#1043,.F.);
#1043 = EDGE_CURVE('',#1044,#1036,#1046,.T.);
#1044 = VERTEX_POINT('',#1045);
#1045 = CARTESIAN_POINT('',(134.27,-159.18,0.));
#1046 = LINE('',#1047,#1048);
#1047 = CARTESIAN_POINT('',(134.27,-159.18,0.));
#1048 = VECTOR('',#1049,1.);
#1049 = DIRECTION('',(0.,1.,0.));
#1050 = ORIENTED_EDGE('',*,*,#1051,.F.);
#1051 = EDGE_CURVE('',#1052,#1044,#1054,.T.);
#1052 = VERTEX_POINT('',#1053);
#1053 = CARTESIAN_POINT('',(143.77,-159.18,0.));
#1054 = LINE('',#1055,#1056);
#1055 = CARTESIAN_POINT('',(143.77,-159.18,0.));
#1056 = VECTOR('',#1057,1.);
#1057 = DIRECTION('',(-1.,0.,0.));
#1058 = ORIENTED_EDGE('',*,*,#1059,.F.);
#1059 = EDGE_CURVE('',#1060,#1052,#1062,.T.);
#1060 = VERTEX_POINT('',#1061);
#1061 = CARTESIAN_POINT('',(143.77,-168.68,0.));
#1062 = LINE('',#1063,#1064);
#1063 = CARTESIAN_POINT('',(143.77,-168.68,0.));
#1064 = VECTOR('',#1065,1.);
#1065 = DIRECTION('',(0.,1.,0.));
#1066 = ORIENTED_EDGE('',*,*,#1067,.F.);
#1067 = EDGE_CURVE('',#1068,#1060,#1070,.T.);
#1068 = VERTEX_POINT('',#1069);
#1069 = CARTESIAN_POINT('',(222.77,-168.68,0.));
#1070 = LINE('',#1071,#1072);
#1071 = CARTESIAN_POINT('',(222.77,-168.68,0.));
#1072 = VECTOR('',#1073,1.);
#1073 = DIRECTION('',(-1.,0.,0.));
#1074 = ORIENTED_EDGE('',*,*,#1075,.F.);
#1075 = EDGE_CURVE('',#1076,#1068,#1078,.T.);
#1076 = VERTEX_POINT('',#1077);
#1077 = CARTESIAN_POINT('',(222.77,-159.18,0.));
#1078 = LINE('',#1079,#1080);
#1079 = CARTESIAN_POINT('',(222.77,-159.18,0.));
#1080 = VECTOR('',#1081,1.);
#1081 = DIRECTION('',(0.,-1.,0.));
#1082 = ORIENTED_EDGE('',*,*,#1083,.F.);
#1083 = EDGE_CURVE('',#996,#1076,#1084,.T.);
#1084 = LINE('',#1085,#1086);
#1085 = CARTESIAN_POINT('',(232.27,-159.18,0.));
#1086 = VECTOR('',#1087,1.);
#1087 = DIRECTION('',(-1.,0.,0.));
#1088 = ORIENTED_EDGE('',*,*,#1003,.F.);
#1089 = FACE_BOUND('',#1090,.F.);
#1090 = EDGE_LOOP('',(#1091));
#1091 = ORIENTED_EDGE('',*,*,#1092,.T.);
#1092 = EDGE_CURVE('',#1093,#1093,#1095,.T.);
#1093 = VERTEX_POINT('',#1094);
#1094 = CARTESIAN_POINT('',(152.77,-166.48,0.));
#1095 = CIRCLE('',#1096,1.);
#1096 = AXIS2_PLACEMENT_3D('',#1097,#1098,#1099);
#1097 = CARTESIAN_POINT('',(152.77,-165.48,0.));
#1098 = DIRECTION('',(-0.,0.,-1.));
#1099 = DIRECTION('',(-0.,-1.,0.));
#1100 = FACE_BOUND('',#1101,.F.);
#1101 = EDGE_LOOP('',(#1102));
#1102 = ORIENTED_EDGE('',*,*,#1103,.T.);
#1103 = EDGE_CURVE('',#1104,#1104,#1106,.T.);
#1104 = VERTEX_POINT('',#1105);
#1105 = CARTESIAN_POINT('',(158.57,-166.48,0.));
#1106 = CIRCLE('',#1107,1.);
#1107 = AXIS2_PLACEMENT_3D('',#1108,#1109,#1110);
#1108 = CARTESIAN_POINT('',(158.57,-165.48,0.));
#1109 = DIRECTION('',(-0.,0.,-1.));
#1110 = DIRECTION('',(-0.,-1.,0.));
#1111 = FACE_BOUND('',#1112,.F.);
#1112 = EDGE_LOOP('',(#1113));
#1113 = ORIENTED_EDGE('',*,*,#1114,.T.);
#1114 = EDGE_CURVE('',#1115,#1115,#1117,.T.);
#1115 = VERTEX_POINT('',#1116);
#1116 = CARTESIAN_POINT('',(137.47,-151.18,0.));
#1117 = CIRCLE('',#1118,1.);
#1118 = AXIS2_PLACEMENT_3D('',#1119,#1120,#1121);
#1119 = CARTESIAN_POINT('',(137.47,-150.18,0.));
#1120 = DIRECTION('',(-0.,0.,-1.));
#1121 = DIRECTION('',(-0.,-1.,0.));
#1122 = FACE_BOUND('',#1123,.F.);
#1123 = EDGE_LOOP('',(#1124));
#1124 = ORIENTED_EDGE('',*,*,#1125,.T.);
#1125 = EDGE_CURVE('',#1126,#1126,#1128,.T.);
#1126 = VERTEX_POINT('',#1127);
#1127 = CARTESIAN_POINT('',(137.47,-145.38,0.));
#1128 = CIRCLE('',#1129,1.);
#1129 = AXIS2_PLACEMENT_3D('',#1130,#1131,#1132);
#1130 = CARTESIAN_POINT('',(137.47,-144.38,0.));
#1131 = DIRECTION('',(-0.,0.,-1.));
#1132 = DIRECTION('',(-0.,-1.,0.));
#1133 = FACE_BOUND('',#1134,.F.);
#1134 = EDGE_LOOP('',(#1135));
#1135 = ORIENTED_EDGE('',*,*,#1136,.T.);
#1136 = EDGE_CURVE('',#1137,#1137,#1139,.T.);
#1137 = VERTEX_POINT('',#1138);
#1138 = CARTESIAN_POINT('',(164.27,-166.48,0.));
#1139 = CIRCLE('',#1140,1.);
#1140 = AXIS2_PLACEMENT_3D('',#1141,#1142,#1143);
#1141 = CARTESIAN_POINT('',(164.27,-165.48,0.));
#1142 = DIRECTION('',(-0.,0.,-1.));
#1143 = DIRECTION('',(-0.,-1.,0.));
#1144 = FACE_BOUND('',#1145,.F.);
#1145 = EDGE_LOOP('',(#1146));
#1146 = ORIENTED_EDGE('',*,*,#1147,.T.);
#1147 = EDGE_CURVE('',#1148,#1148,#1150,.T.);
#1148 = VERTEX_POINT('',#1149);
#1149 = CARTESIAN_POINT('',(164.77,-158.18,0.));
#1150 = CIRCLE('',#1151,1.);
#1151 = AXIS2_PLACEMENT_3D('',#1152,#1153,#1154);
#1152 = CARTESIAN_POINT('',(164.77,-157.18,0.));
#1153 = DIRECTION('',(-0.,0.,-1.));
#1154 = DIRECTION('',(-0.,-1.,0.));
#1155 = FACE_BOUND('',#1156,.F.);
#1156 = EDGE_LOOP('',(#1157));
#1157 = ORIENTED_EDGE('',*,*,#1158,.T.);
#1158 = EDGE_CURVE('',#1159,#1159,#1161,.T.);
#1159 = VERTEX_POINT('',#1160);
#1160 = CARTESIAN_POINT('',(137.47,-139.68,0.));
#1161 = CIRCLE('',#1162,1.);
#1162 = AXIS2_PLACEMENT_3D('',#1163,#1164,#1165);
#1163 = CARTESIAN_POINT('',(137.47,-138.68,0.));
#1164 = DIRECTION('',(-0.,0.,-1.));
#1165 = DIRECTION('',(-0.,-1.,0.));
#1166 = FACE_BOUND('',#1167,.F.);
#1167 = EDGE_LOOP('',(#1168));
#1168 = ORIENTED_EDGE('',*,*,#1169,.T.);
#1169 = EDGE_CURVE('',#1170,#1170,#1172,.T.);
#1170 = VERTEX_POINT('',#1171);
#1171 = CARTESIAN_POINT('',(145.77,-139.18,0.));
#1172 = CIRCLE('',#1173,1.);
#1173 = AXIS2_PLACEMENT_3D('',#1174,#1175,#1176);
#1174 = CARTESIAN_POINT('',(145.77,-138.18,0.));
#1175 = DIRECTION('',(-0.,0.,-1.));
#1176 = DIRECTION('',(-0.,-1.,0.));
#1177 = FACE_BOUND('',#1178,.F.);
#1178 = EDGE_LOOP('',(#1179));
#1179 = ORIENTED_EDGE('',*,*,#1180,.T.);
#1180 = EDGE_CURVE('',#1181,#1181,#1183,.T.);
#1181 = VERTEX_POINT('',#1182);
#1182 = CARTESIAN_POINT('',(169.77,-141.18,0.));
#1183 = CIRCLE('',#1184,1.);
#1184 = AXIS2_PLACEMENT_3D('',#1185,#1186,#1187);
#1185 = CARTESIAN_POINT('',(169.77,-140.18,0.));
#1186 = DIRECTION('',(-0.,0.,-1.));
#1187 = DIRECTION('',(-0.,-1.,0.));
#1188 = FACE_BOUND('',#1189,.F.);
#1189 = EDGE_LOOP('',(#1190));
#1190 = ORIENTED_EDGE('',*,*,#1191,.T.);
#1191 = EDGE_CURVE('',#1192,#1192,#1194,.T.);
#1192 = VERTEX_POINT('',#1193);
#1193 = CARTESIAN_POINT('',(162.77,-134.18,0.));
#1194 = CIRCLE('',#1195,1.);
#1195 = AXIS2_PLACEMENT_3D('',#1196,#1197,#1198);
#1196 = CARTESIAN_POINT('',(162.77,-133.18,0.));
#1197 = DIRECTION('',(-0.,0.,-1.));
#1198 = DIRECTION('',(-0.,-1.,0.));
#1199 = FACE_BOUND('',#1200,.F.);
#1200 = EDGE_LOOP('',(#1201));
#1201 = ORIENTED_EDGE('',*,*,#1202,.T.);
#1202 = EDGE_CURVE('',#1203,#1203,#1205,.T.);
#1203 = VERTEX_POINT('',#1204);
#1204 = CARTESIAN_POINT('',(198.31,-151.38,0.));
#1205 = CIRCLE('',#1206,1.);
#1206 = AXIS2_PLACEMENT_3D('',#1207,#1208,#1209);
#1207 = CARTESIAN_POINT('',(198.31,-150.38,0.));
#1208 = DIRECTION('',(-0.,0.,-1.));
#1209 = DIRECTION('',(-0.,-1.,0.));
#1210 = FACE_BOUND('',#1211,.F.);
#1211 = EDGE_LOOP('',(#1212));
#1212 = ORIENTED_EDGE('',*,*,#1213,.T.);
#1213 = EDGE_CURVE('',#1214,#1214,#1216,.T.);
#1214 = VERTEX_POINT('',#1215);
#1215 = CARTESIAN_POINT('',(208.03,-166.48,0.));
#1216 = CIRCLE('',#1217,1.);
#1217 = AXIS2_PLACEMENT_3D('',#1218,#1219,#1220);
#1218 = CARTESIAN_POINT('',(208.03,-165.48,0.));
#1219 = DIRECTION('',(-0.,0.,-1.));
#1220 = DIRECTION('',(-0.,-1.,0.));
#1221 = FACE_BOUND('',#1222,.F.);
#1222 = EDGE_LOOP('',(#1223));
#1223 = ORIENTED_EDGE('',*,*,#1224,.T.);
#1224 = EDGE_CURVE('',#1225,#1225,#1227,.T.);
#1225 = VERTEX_POINT('',#1226);
#1226 = CARTESIAN_POINT('',(213.82,-166.48,0.));
#1227 = CIRCLE('',#1228,1.);
#1228 = AXIS2_PLACEMENT_3D('',#1229,#1230,#1231);
#1229 = CARTESIAN_POINT('',(213.82,-165.48,0.));
#1230 = DIRECTION('',(-0.,0.,-1.));
#1231 = DIRECTION('',(-0.,-1.,0.));
#1232 = FACE_BOUND('',#1233,.F.);
#1233 = EDGE_LOOP('',(#1234));
#1234 = ORIENTED_EDGE('',*,*,#1235,.T.);
#1235 = EDGE_CURVE('',#1236,#1236,#1238,.T.);
#1236 = VERTEX_POINT('',#1237);
#1237 = CARTESIAN_POINT('',(229.11,-151.18,0.));
#1238 = CIRCLE('',#1239,1.);
#1239 = AXIS2_PLACEMENT_3D('',#1240,#1241,#1242);
#1240 = CARTESIAN_POINT('',(229.11,-150.18,0.));
#1241 = DIRECTION('',(-0.,0.,-1.));
#1242 = DIRECTION('',(-0.,-1.,0.));
#1243 = FACE_BOUND('',#1244,.F.);
#1244 = EDGE_LOOP('',(#1245));
#1245 = ORIENTED_EDGE('',*,*,#1246,.T.);
#1246 = EDGE_CURVE('',#1247,#1247,#1249,.T.);
#1247 = VERTEX_POINT('',#1248);
#1248 = CARTESIAN_POINT('',(229.11,-145.38,0.));
#1249 = CIRCLE('',#1250,1.);
#1250 = AXIS2_PLACEMENT_3D('',#1251,#1252,#1253);
#1251 = CARTESIAN_POINT('',(229.11,-144.38,0.));
#1252 = DIRECTION('',(-0.,0.,-1.));
#1253 = DIRECTION('',(-0.,-1.,0.));
#1254 = FACE_BOUND('',#1255,.F.);
#1255 = EDGE_LOOP('',(#1256));
#1256 = ORIENTED_EDGE('',*,*,#1257,.T.);
#1257 = EDGE_CURVE('',#1258,#1258,#1260,.T.);
#1258 = VERTEX_POINT('',#1259);
#1259 = CARTESIAN_POINT('',(214.,-135.68,0.));
#1260 = CIRCLE('',#1261,1.);
#1261 = AXIS2_PLACEMENT_3D('',#1262,#1263,#1264);
#1262 = CARTESIAN_POINT('',(214.,-134.68,0.));
#1263 = DIRECTION('',(-0.,0.,-1.));
#1264 = DIRECTION('',(-0.,-1.,0.));
#1265 = FACE_BOUND('',#1266,.F.);
#1266 = EDGE_LOOP('',(#1267));
#1267 = ORIENTED_EDGE('',*,*,#1268,.T.);
#1268 = EDGE_CURVE('',#1269,#1269,#1271,.T.);
#1269 = VERTEX_POINT('',#1270);
#1270 = CARTESIAN_POINT('',(152.57,-105.68,0.));
#1271 = CIRCLE('',#1272,1.);
#1272 = AXIS2_PLACEMENT_3D('',#1273,#1274,#1275);
#1273 = CARTESIAN_POINT('',(152.57,-104.68,0.));
#1274 = DIRECTION('',(-0.,0.,-1.));
#1275 = DIRECTION('',(-0.,-1.,0.));
#1276 = FACE_BOUND('',#1277,.F.);
#1277 = EDGE_LOOP('',(#1278));
#1278 = ORIENTED_EDGE('',*,*,#1279,.T.);
#1279 = EDGE_CURVE('',#1280,#1280,#1282,.T.);
#1280 = VERTEX_POINT('',#1281);
#1281 = CARTESIAN_POINT('',(137.47,-95.98,0.));
#1282 = CIRCLE('',#1283,1.);
#1283 = AXIS2_PLACEMENT_3D('',#1284,#1285,#1286);
#1284 = CARTESIAN_POINT('',(137.47,-94.98,0.));
#1285 = DIRECTION('',(-0.,0.,-1.));
#1286 = DIRECTION('',(-0.,-1.,0.));
#1287 = FACE_BOUND('',#1288,.F.);
#1288 = EDGE_LOOP('',(#1289));
#1289 = ORIENTED_EDGE('',*,*,#1290,.T.);
#1290 = EDGE_CURVE('',#1291,#1291,#1293,.T.);
#1291 = VERTEX_POINT('',#1292);
#1292 = CARTESIAN_POINT('',(137.47,-90.18,0.));
#1293 = CIRCLE('',#1294,1.);
#1294 = AXIS2_PLACEMENT_3D('',#1295,#1296,#1297);
#1295 = CARTESIAN_POINT('',(137.47,-89.18,0.));
#1296 = DIRECTION('',(-0.,0.,-1.));
#1297 = DIRECTION('',(-0.,-1.,0.));
#1298 = FACE_BOUND('',#1299,.F.);
#1299 = EDGE_LOOP('',(#1300));
#1300 = ORIENTED_EDGE('',*,*,#1301,.T.);
#1301 = EDGE_CURVE('',#1302,#1302,#1304,.T.);
#1302 = VERTEX_POINT('',#1303);
#1303 = CARTESIAN_POINT('',(152.77,-74.88,0.));
#1304 = CIRCLE('',#1305,1.);
#1305 = AXIS2_PLACEMENT_3D('',#1306,#1307,#1308);
#1306 = CARTESIAN_POINT('',(152.77,-73.88,0.));
#1307 = DIRECTION('',(-0.,0.,-1.));
#1308 = DIRECTION('',(-0.,-1.,0.));
#1309 = FACE_BOUND('',#1310,.F.);
#1310 = EDGE_LOOP('',(#1311));
#1311 = ORIENTED_EDGE('',*,*,#1312,.T.);
#1312 = EDGE_CURVE('',#1313,#1313,#1315,.T.);
#1313 = VERTEX_POINT('',#1314);
#1314 = CARTESIAN_POINT('',(158.57,-74.88,0.));
#1315 = CIRCLE('',#1316,1.);
#1316 = AXIS2_PLACEMENT_3D('',#1317,#1318,#1319);
#1317 = CARTESIAN_POINT('',(158.57,-73.88,0.));
#1318 = DIRECTION('',(-0.,0.,-1.));
#1319 = DIRECTION('',(-0.,-1.,0.));
#1320 = FACE_BOUND('',#1321,.F.);
#1321 = EDGE_LOOP('',(#1322));
#1322 = ORIENTED_EDGE('',*,*,#1323,.T.);
#1323 = EDGE_CURVE('',#1324,#1324,#1326,.T.);
#1324 = VERTEX_POINT('',#1325);
#1325 = CARTESIAN_POINT('',(168.27,-89.98,0.));
#1326 = CIRCLE('',#1327,1.);
#1327 = AXIS2_PLACEMENT_3D('',#1328,#1329,#1330);
#1328 = CARTESIAN_POINT('',(168.27,-88.98,0.));
#1329 = DIRECTION('',(-0.,0.,-1.));
#1330 = DIRECTION('',(-0.,-1.,0.));
#1331 = FACE_BOUND('',#1332,.F.);
#1332 = EDGE_LOOP('',(#1333));
#1333 = ORIENTED_EDGE('',*,*,#1334,.T.);
#1334 = EDGE_CURVE('',#1335,#1335,#1337,.T.);
#1335 = VERTEX_POINT('',#1336);
#1336 = CARTESIAN_POINT('',(203.77,-107.18,0.));
#1337 = CIRCLE('',#1338,1.);
#1338 = AXIS2_PLACEMENT_3D('',#1339,#1340,#1341);
#1339 = CARTESIAN_POINT('',(203.77,-106.18,0.));
#1340 = DIRECTION('',(-0.,0.,-1.));
#1341 = DIRECTION('',(-0.,-1.,0.));
#1342 = FACE_BOUND('',#1343,.F.);
#1343 = EDGE_LOOP('',(#1344));
#1344 = ORIENTED_EDGE('',*,*,#1345,.T.);
#1345 = EDGE_CURVE('',#1346,#1346,#1348,.T.);
#1346 = VERTEX_POINT('',#1347);
#1347 = CARTESIAN_POINT('',(196.78,-100.18,0.));
#1348 = CIRCLE('',#1349,1.);
#1349 = AXIS2_PLACEMENT_3D('',#1350,#1351,#1352);
#1350 = CARTESIAN_POINT('',(196.78,-99.18,0.));
#1351 = DIRECTION('',(-0.,0.,-1.));
#1352 = DIRECTION('',(-0.,-1.,0.));
#1353 = FACE_BOUND('',#1354,.F.);
#1354 = EDGE_LOOP('',(#1355));
#1355 = ORIENTED_EDGE('',*,*,#1356,.T.);
#1356 = EDGE_CURVE('',#1357,#1357,#1359,.T.);
#1357 = VERTEX_POINT('',#1358);
#1358 = CARTESIAN_POINT('',(220.77,-102.18,0.));
#1359 = CIRCLE('',#1360,1.);
#1360 = AXIS2_PLACEMENT_3D('',#1361,#1362,#1363);
#1361 = CARTESIAN_POINT('',(220.77,-101.18,0.));
#1362 = DIRECTION('',(-0.,0.,-1.));
#1363 = DIRECTION('',(-0.,-1.,0.));
#1364 = FACE_BOUND('',#1365,.F.);
#1365 = EDGE_LOOP('',(#1366));
#1366 = ORIENTED_EDGE('',*,*,#1367,.T.);
#1367 = EDGE_CURVE('',#1368,#1368,#1370,.T.);
#1368 = VERTEX_POINT('',#1369);
#1369 = CARTESIAN_POINT('',(229.07,-101.68,0.));
#1370 = CIRCLE('',#1371,1.);
#1371 = AXIS2_PLACEMENT_3D('',#1372,#1373,#1374);
#1372 = CARTESIAN_POINT('',(229.07,-100.68,0.));
#1373 = DIRECTION('',(-0.,0.,-1.));
#1374 = DIRECTION('',(-0.,-1.,0.));
#1375 = FACE_BOUND('',#1376,.F.);
#1376 = EDGE_LOOP('',(#1377));
#1377 = ORIENTED_EDGE('',*,*,#1378,.T.);
#1378 = EDGE_CURVE('',#1379,#1379,#1381,.T.);
#1379 = VERTEX_POINT('',#1380);
#1380 = CARTESIAN_POINT('',(201.76,-83.18,0.));
#1381 = CIRCLE('',#1382,1.);
#1382 = AXIS2_PLACEMENT_3D('',#1383,#1384,#1385);
#1383 = CARTESIAN_POINT('',(201.76,-82.18,0.));
#1384 = DIRECTION('',(-0.,0.,-1.));
#1385 = DIRECTION('',(-0.,-1.,0.));
#1386 = FACE_BOUND('',#1387,.F.);
#1387 = EDGE_LOOP('',(#1388));
#1388 = ORIENTED_EDGE('',*,*,#1389,.T.);
#1389 = EDGE_CURVE('',#1390,#1390,#1392,.T.);
#1390 = VERTEX_POINT('',#1391);
#1391 = CARTESIAN_POINT('',(202.26,-74.88,0.));
#1392 = CIRCLE('',#1393,1.);
#1393 = AXIS2_PLACEMENT_3D('',#1394,#1395,#1396);
#1394 = CARTESIAN_POINT('',(202.26,-73.88,0.));
#1395 = DIRECTION('',(-0.,0.,-1.));
#1396 = DIRECTION('',(-0.,-1.,0.));
#1397 = FACE_BOUND('',#1398,.F.);
#1398 = EDGE_LOOP('',(#1399));
#1399 = ORIENTED_EDGE('',*,*,#1400,.T.);
#1400 = EDGE_CURVE('',#1401,#1401,#1403,.T.);
#1401 = VERTEX_POINT('',#1402);
#1402 = CARTESIAN_POINT('',(229.07,-95.98,0.));
#1403 = CIRCLE('',#1404,1.);
#1404 = AXIS2_PLACEMENT_3D('',#1405,#1406,#1407);
#1405 = CARTESIAN_POINT('',(229.07,-94.98,0.));
#1406 = DIRECTION('',(-0.,0.,-1.));
#1407 = DIRECTION('',(-0.,-1.,0.));
#1408 = FACE_BOUND('',#1409,.F.);
#1409 = EDGE_LOOP('',(#1410));
#1410 = ORIENTED_EDGE('',*,*,#1411,.T.);
#1411 = EDGE_CURVE('',#1412,#1412,#1414,.T.);
#1412 = VERTEX_POINT('',#1413);
#1413 = CARTESIAN_POINT('',(229.07,-90.18,0.));
#1414 = CIRCLE('',#1415,1.);
#1415 = AXIS2_PLACEMENT_3D('',#1416,#1417,#1418);
#1416 = CARTESIAN_POINT('',(229.07,-89.18,0.));
#1417 = DIRECTION('',(-0.,0.,-1.));
#1418 = DIRECTION('',(-0.,-1.,0.));
#1419 = FACE_BOUND('',#1420,.F.);
#1420 = EDGE_LOOP('',(#1421));
#1421 = ORIENTED_EDGE('',*,*,#1422,.T.);
#1422 = EDGE_CURVE('',#1423,#1423,#1425,.T.);
#1423 = VERTEX_POINT('',#1424);
#1424 = CARTESIAN_POINT('',(207.96,-74.88,0.));
#1425 = CIRCLE('',#1426,1.);
#1426 = AXIS2_PLACEMENT_3D('',#1427,#1428,#1429);
#1427 = CARTESIAN_POINT('',(207.96,-73.88,0.));
#1428 = DIRECTION('',(-0.,0.,-1.));
#1429 = DIRECTION('',(-0.,-1.,0.));
#1430 = FACE_BOUND('',#1431,.F.);
#1431 = EDGE_LOOP('',(#1432));
#1432 = ORIENTED_EDGE('',*,*,#1433,.T.);
#1433 = EDGE_CURVE('',#1434,#1434,#1436,.T.);
#1434 = VERTEX_POINT('',#1435);
#1435 = CARTESIAN_POINT('',(213.74,-74.88,0.));
#1436 = CIRCLE('',#1437,1.);
#1437 = AXIS2_PLACEMENT_3D('',#1438,#1439,#1440);
#1438 = CARTESIAN_POINT('',(213.74,-73.88,0.));
#1439 = DIRECTION('',(-0.,0.,-1.));
#1440 = DIRECTION('',(-0.,-1.,0.));
#1441 = PLANE('',#1442);
#1442 = AXIS2_PLACEMENT_3D('',#1443,#1444,#1445);
#1443 = CARTESIAN_POINT('',(0.,0.,0.));
#1444 = DIRECTION('',(0.,0.,1.));
#1445 = DIRECTION('',(1.,0.,-0.));
#1446 = ADVANCED_FACE('',(#1447,#1522,#1533,#1544,#1555,#1566,#1577,
    #1588,#1599,#1610,#1621,#1632,#1643,#1654,#1665,#1676,#1687,#1698,
    #1709,#1720,#1731,#1742,#1753,#1764,#1775,#1786,#1797,#1808,#1819,
    #1830,#1841,#1852,#1863),#1874,.T.);
#1447 = FACE_BOUND('',#1448,.T.);
#1448 = EDGE_LOOP('',(#1449,#1450,#1451,#1459,#1467,#1475,#1483,#1491,
    #1499,#1507,#1515,#1521));
#1449 = ORIENTED_EDGE('',*,*,#925,.F.);
#1450 = ORIENTED_EDGE('',*,*,#965,.F.);
#1451 = ORIENTED_EDGE('',*,*,#1452,.F.);
#1452 = EDGE_CURVE('',#1453,#958,#1455,.T.);
#1453 = VERTEX_POINT('',#1454);
#1454 = CARTESIAN_POINT('',(143.77,-70.68,1.51));
#1455 = LINE('',#1456,#1457);
#1456 = CARTESIAN_POINT('',(143.77,-70.68,1.51));
#1457 = VECTOR('',#1458,1.);
#1458 = DIRECTION('',(1.,0.,0.));
#1459 = ORIENTED_EDGE('',*,*,#1460,.F.);
#1460 = EDGE_CURVE('',#1461,#1453,#1463,.T.);
#1461 = VERTEX_POINT('',#1462);
#1462 = CARTESIAN_POINT('',(143.77,-80.18,1.51));
#1463 = LINE('',#1464,#1465);
#1464 = CARTESIAN_POINT('',(143.77,-80.18,1.51));
#1465 = VECTOR('',#1466,1.);
#1466 = DIRECTION('',(0.,1.,0.));
#1467 = ORIENTED_EDGE('',*,*,#1468,.F.);
#1468 = EDGE_CURVE('',#1469,#1461,#1471,.T.);
#1469 = VERTEX_POINT('',#1470);
#1470 = CARTESIAN_POINT('',(134.27,-80.18,1.51));
#1471 = LINE('',#1472,#1473);
#1472 = CARTESIAN_POINT('',(134.27,-80.18,1.51));
#1473 = VECTOR('',#1474,1.);
#1474 = DIRECTION('',(1.,0.,0.));
#1475 = ORIENTED_EDGE('',*,*,#1476,.F.);
#1476 = EDGE_CURVE('',#1477,#1469,#1479,.T.);
#1477 = VERTEX_POINT('',#1478);
#1478 = CARTESIAN_POINT('',(134.27,-159.18,1.51));
#1479 = LINE('',#1480,#1481);
#1480 = CARTESIAN_POINT('',(134.27,-159.18,1.51));
#1481 = VECTOR('',#1482,1.);
#1482 = DIRECTION('',(0.,1.,0.));
#1483 = ORIENTED_EDGE('',*,*,#1484,.F.);
#1484 = EDGE_CURVE('',#1485,#1477,#1487,.T.);
#1485 = VERTEX_POINT('',#1486);
#1486 = CARTESIAN_POINT('',(143.77,-159.18,1.51));
#1487 = LINE('',#1488,#1489);
#1488 = CARTESIAN_POINT('',(143.77,-159.18,1.51));
#1489 = VECTOR('',#1490,1.);
#1490 = DIRECTION('',(-1.,0.,0.));
#1491 = ORIENTED_EDGE('',*,*,#1492,.F.);
#1492 = EDGE_CURVE('',#1493,#1485,#1495,.T.);
#1493 = VERTEX_POINT('',#1494);
#1494 = CARTESIAN_POINT('',(143.77,-168.68,1.51));
#1495 = LINE('',#1496,#1497);
#1496 = CARTESIAN_POINT('',(143.77,-168.68,1.51));
#1497 = VECTOR('',#1498,1.);
#1498 = DIRECTION('',(0.,1.,0.));
#1499 = ORIENTED_EDGE('',*,*,#1500,.F.);
#1500 = EDGE_CURVE('',#1501,#1493,#1503,.T.);
#1501 = VERTEX_POINT('',#1502);
#1502 = CARTESIAN_POINT('',(222.77,-168.68,1.51));
#1503 = LINE('',#1504,#1505);
#1504 = CARTESIAN_POINT('',(222.77,-168.68,1.51));
#1505 = VECTOR('',#1506,1.);
#1506 = DIRECTION('',(-1.,0.,0.));
#1507 = ORIENTED_EDGE('',*,*,#1508,.F.);
#1508 = EDGE_CURVE('',#1509,#1501,#1511,.T.);
#1509 = VERTEX_POINT('',#1510);
#1510 = CARTESIAN_POINT('',(222.77,-159.18,1.51));
#1511 = LINE('',#1512,#1513);
#1512 = CARTESIAN_POINT('',(222.77,-159.18,1.51));
#1513 = VECTOR('',#1514,1.);
#1514 = DIRECTION('',(0.,-1.,0.));
#1515 = ORIENTED_EDGE('',*,*,#1516,.F.);
#1516 = EDGE_CURVE('',#988,#1509,#1517,.T.);
#1517 = LINE('',#1518,#1519);
#1518 = CARTESIAN_POINT('',(232.27,-159.18,1.51));
#1519 = VECTOR('',#1520,1.);
#1520 = DIRECTION('',(-1.,0.,0.));
#1521 = ORIENTED_EDGE('',*,*,#987,.F.);
#1522 = FACE_BOUND('',#1523,.T.);
#1523 = EDGE_LOOP('',(#1524));
#1524 = ORIENTED_EDGE('',*,*,#1525,.T.);
#1525 = EDGE_CURVE('',#1526,#1526,#1528,.T.);
#1526 = VERTEX_POINT('',#1527);
#1527 = CARTESIAN_POINT('',(152.77,-166.48,1.51));
#1528 = CIRCLE('',#1529,1.);
#1529 = AXIS2_PLACEMENT_3D('',#1530,#1531,#1532);
#1530 = CARTESIAN_POINT('',(152.77,-165.48,1.51));
#1531 = DIRECTION('',(-0.,0.,-1.));
#1532 = DIRECTION('',(-0.,-1.,0.));
#1533 = FACE_BOUND('',#1534,.T.);
#1534 = EDGE_LOOP('',(#1535));
#1535 = ORIENTED_EDGE('',*,*,#1536,.T.);
#1536 = EDGE_CURVE('',#1537,#1537,#1539,.T.);
#1537 = VERTEX_POINT('',#1538);
#1538 = CARTESIAN_POINT('',(158.57,-166.48,1.51));
#1539 = CIRCLE('',#1540,1.);
#1540 = AXIS2_PLACEMENT_3D('',#1541,#1542,#1543);
#1541 = CARTESIAN_POINT('',(158.57,-165.48,1.51));
#1542 = DIRECTION('',(-0.,0.,-1.));
#1543 = DIRECTION('',(-0.,-1.,0.));
#1544 = FACE_BOUND('',#1545,.T.);
#1545 = EDGE_LOOP('',(#1546));
#1546 = ORIENTED_EDGE('',*,*,#1547,.T.);
#1547 = EDGE_CURVE('',#1548,#1548,#1550,.T.);
#1548 = VERTEX_POINT('',#1549);
#1549 = CARTESIAN_POINT('',(137.47,-151.18,1.51));
#1550 = CIRCLE('',#1551,1.);
#1551 = AXIS2_PLACEMENT_3D('',#1552,#1553,#1554);
#1552 = CARTESIAN_POINT('',(137.47,-150.18,1.51));
#1553 = DIRECTION('',(-0.,0.,-1.));
#1554 = DIRECTION('',(-0.,-1.,0.));
#1555 = FACE_BOUND('',#1556,.T.);
#1556 = EDGE_LOOP('',(#1557));
#1557 = ORIENTED_EDGE('',*,*,#1558,.T.);
#1558 = EDGE_CURVE('',#1559,#1559,#1561,.T.);
#1559 = VERTEX_POINT('',#1560);
#1560 = CARTESIAN_POINT('',(137.47,-145.38,1.51));
#1561 = CIRCLE('',#1562,1.);
#1562 = AXIS2_PLACEMENT_3D('',#1563,#1564,#1565);
#1563 = CARTESIAN_POINT('',(137.47,-144.38,1.51));
#1564 = DIRECTION('',(-0.,0.,-1.));
#1565 = DIRECTION('',(-0.,-1.,0.));
#1566 = FACE_BOUND('',#1567,.T.);
#1567 = EDGE_LOOP('',(#1568));
#1568 = ORIENTED_EDGE('',*,*,#1569,.T.);
#1569 = EDGE_CURVE('',#1570,#1570,#1572,.T.);
#1570 = VERTEX_POINT('',#1571);
#1571 = CARTESIAN_POINT('',(164.27,-166.48,1.51));
#1572 = CIRCLE('',#1573,1.);
#1573 = AXIS2_PLACEMENT_3D('',#1574,#1575,#1576);
#1574 = CARTESIAN_POINT('',(164.27,-165.48,1.51));
#1575 = DIRECTION('',(-0.,0.,-1.));
#1576 = DIRECTION('',(-0.,-1.,0.));
#1577 = FACE_BOUND('',#1578,.T.);
#1578 = EDGE_LOOP('',(#1579));
#1579 = ORIENTED_EDGE('',*,*,#1580,.T.);
#1580 = EDGE_CURVE('',#1581,#1581,#1583,.T.);
#1581 = VERTEX_POINT('',#1582);
#1582 = CARTESIAN_POINT('',(164.77,-158.18,1.51));
#1583 = CIRCLE('',#1584,1.);
#1584 = AXIS2_PLACEMENT_3D('',#1585,#1586,#1587);
#1585 = CARTESIAN_POINT('',(164.77,-157.18,1.51));
#1586 = DIRECTION('',(-0.,0.,-1.));
#1587 = DIRECTION('',(-0.,-1.,0.));
#1588 = FACE_BOUND('',#1589,.T.);
#1589 = EDGE_LOOP('',(#1590));
#1590 = ORIENTED_EDGE('',*,*,#1591,.T.);
#1591 = EDGE_CURVE('',#1592,#1592,#1594,.T.);
#1592 = VERTEX_POINT('',#1593);
#1593 = CARTESIAN_POINT('',(137.47,-139.68,1.51));
#1594 = CIRCLE('',#1595,1.);
#1595 = AXIS2_PLACEMENT_3D('',#1596,#1597,#1598);
#1596 = CARTESIAN_POINT('',(137.47,-138.68,1.51));
#1597 = DIRECTION('',(-0.,0.,-1.));
#1598 = DIRECTION('',(-0.,-1.,0.));
#1599 = FACE_BOUND('',#1600,.T.);
#1600 = EDGE_LOOP('',(#1601));
#1601 = ORIENTED_EDGE('',*,*,#1602,.T.);
#1602 = EDGE_CURVE('',#1603,#1603,#1605,.T.);
#1603 = VERTEX_POINT('',#1604);
#1604 = CARTESIAN_POINT('',(145.77,-139.18,1.51));
#1605 = CIRCLE('',#1606,1.);
#1606 = AXIS2_PLACEMENT_3D('',#1607,#1608,#1609);
#1607 = CARTESIAN_POINT('',(145.77,-138.18,1.51));
#1608 = DIRECTION('',(-0.,0.,-1.));
#1609 = DIRECTION('',(-0.,-1.,0.));
#1610 = FACE_BOUND('',#1611,.T.);
#1611 = EDGE_LOOP('',(#1612));
#1612 = ORIENTED_EDGE('',*,*,#1613,.T.);
#1613 = EDGE_CURVE('',#1614,#1614,#1616,.T.);
#1614 = VERTEX_POINT('',#1615);
#1615 = CARTESIAN_POINT('',(169.77,-141.18,1.51));
#1616 = CIRCLE('',#1617,1.);
#1617 = AXIS2_PLACEMENT_3D('',#1618,#1619,#1620);
#1618 = CARTESIAN_POINT('',(169.77,-140.18,1.51));
#1619 = DIRECTION('',(-0.,0.,-1.));
#1620 = DIRECTION('',(-0.,-1.,0.));
#1621 = FACE_BOUND('',#1622,.T.);
#1622 = EDGE_LOOP('',(#1623));
#1623 = ORIENTED_EDGE('',*,*,#1624,.T.);
#1624 = EDGE_CURVE('',#1625,#1625,#1627,.T.);
#1625 = VERTEX_POINT('',#1626);
#1626 = CARTESIAN_POINT('',(162.77,-134.18,1.51));
#1627 = CIRCLE('',#1628,1.);
#1628 = AXIS2_PLACEMENT_3D('',#1629,#1630,#1631);
#1629 = CARTESIAN_POINT('',(162.77,-133.18,1.51));
#1630 = DIRECTION('',(-0.,0.,-1.));
#1631 = DIRECTION('',(-0.,-1.,0.));
#1632 = FACE_BOUND('',#1633,.T.);
#1633 = EDGE_LOOP('',(#1634));
#1634 = ORIENTED_EDGE('',*,*,#1635,.T.);
#1635 = EDGE_CURVE('',#1636,#1636,#1638,.T.);
#1636 = VERTEX_POINT('',#1637);
#1637 = CARTESIAN_POINT('',(198.31,-151.38,1.51));
#1638 = CIRCLE('',#1639,1.);
#1639 = AXIS2_PLACEMENT_3D('',#1640,#1641,#1642);
#1640 = CARTESIAN_POINT('',(198.31,-150.38,1.51));
#1641 = DIRECTION('',(-0.,0.,-1.));
#1642 = DIRECTION('',(-0.,-1.,0.));
#1643 = FACE_BOUND('',#1644,.T.);
#1644 = EDGE_LOOP('',(#1645));
#1645 = ORIENTED_EDGE('',*,*,#1646,.T.);
#1646 = EDGE_CURVE('',#1647,#1647,#1649,.T.);
#1647 = VERTEX_POINT('',#1648);
#1648 = CARTESIAN_POINT('',(208.03,-166.48,1.51));
#1649 = CIRCLE('',#1650,1.);
#1650 = AXIS2_PLACEMENT_3D('',#1651,#1652,#1653);
#1651 = CARTESIAN_POINT('',(208.03,-165.48,1.51));
#1652 = DIRECTION('',(-0.,0.,-1.));
#1653 = DIRECTION('',(-0.,-1.,0.));
#1654 = FACE_BOUND('',#1655,.T.);
#1655 = EDGE_LOOP('',(#1656));
#1656 = ORIENTED_EDGE('',*,*,#1657,.T.);
#1657 = EDGE_CURVE('',#1658,#1658,#1660,.T.);
#1658 = VERTEX_POINT('',#1659);
#1659 = CARTESIAN_POINT('',(213.82,-166.48,1.51));
#1660 = CIRCLE('',#1661,1.);
#1661 = AXIS2_PLACEMENT_3D('',#1662,#1663,#1664);
#1662 = CARTESIAN_POINT('',(213.82,-165.48,1.51));
#1663 = DIRECTION('',(-0.,0.,-1.));
#1664 = DIRECTION('',(-0.,-1.,0.));
#1665 = FACE_BOUND('',#1666,.T.);
#1666 = EDGE_LOOP('',(#1667));
#1667 = ORIENTED_EDGE('',*,*,#1668,.T.);
#1668 = EDGE_CURVE('',#1669,#1669,#1671,.T.);
#1669 = VERTEX_POINT('',#1670);
#1670 = CARTESIAN_POINT('',(229.11,-151.18,1.51));
#1671 = CIRCLE('',#1672,1.);
#1672 = AXIS2_PLACEMENT_3D('',#1673,#1674,#1675);
#1673 = CARTESIAN_POINT('',(229.11,-150.18,1.51));
#1674 = DIRECTION('',(-0.,0.,-1.));
#1675 = DIRECTION('',(-0.,-1.,0.));
#1676 = FACE_BOUND('',#1677,.T.);
#1677 = EDGE_LOOP('',(#1678));
#1678 = ORIENTED_EDGE('',*,*,#1679,.T.);
#1679 = EDGE_CURVE('',#1680,#1680,#1682,.T.);
#1680 = VERTEX_POINT('',#1681);
#1681 = CARTESIAN_POINT('',(229.11,-145.38,1.51));
#1682 = CIRCLE('',#1683,1.);
#1683 = AXIS2_PLACEMENT_3D('',#1684,#1685,#1686);
#1684 = CARTESIAN_POINT('',(229.11,-144.38,1.51));
#1685 = DIRECTION('',(-0.,0.,-1.));
#1686 = DIRECTION('',(-0.,-1.,0.));
#1687 = FACE_BOUND('',#1688,.T.);
#1688 = EDGE_LOOP('',(#1689));
#1689 = ORIENTED_EDGE('',*,*,#1690,.T.);
#1690 = EDGE_CURVE('',#1691,#1691,#1693,.T.);
#1691 = VERTEX_POINT('',#1692);
#1692 = CARTESIAN_POINT('',(214.,-135.68,1.51));
#1693 = CIRCLE('',#1694,1.);
#1694 = AXIS2_PLACEMENT_3D('',#1695,#1696,#1697);
#1695 = CARTESIAN_POINT('',(214.,-134.68,1.51));
#1696 = DIRECTION('',(-0.,0.,-1.));
#1697 = DIRECTION('',(-0.,-1.,0.));
#1698 = FACE_BOUND('',#1699,.T.);
#1699 = EDGE_LOOP('',(#1700));
#1700 = ORIENTED_EDGE('',*,*,#1701,.T.);
#1701 = EDGE_CURVE('',#1702,#1702,#1704,.T.);
#1702 = VERTEX_POINT('',#1703);
#1703 = CARTESIAN_POINT('',(152.57,-105.68,1.51));
#1704 = CIRCLE('',#1705,1.);
#1705 = AXIS2_PLACEMENT_3D('',#1706,#1707,#1708);
#1706 = CARTESIAN_POINT('',(152.57,-104.68,1.51));
#1707 = DIRECTION('',(-0.,0.,-1.));
#1708 = DIRECTION('',(-0.,-1.,0.));
#1709 = FACE_BOUND('',#1710,.T.);
#1710 = EDGE_LOOP('',(#1711));
#1711 = ORIENTED_EDGE('',*,*,#1712,.T.);
#1712 = EDGE_CURVE('',#1713,#1713,#1715,.T.);
#1713 = VERTEX_POINT('',#1714);
#1714 = CARTESIAN_POINT('',(137.47,-95.98,1.51));
#1715 = CIRCLE('',#1716,1.);
#1716 = AXIS2_PLACEMENT_3D('',#1717,#1718,#1719);
#1717 = CARTESIAN_POINT('',(137.47,-94.98,1.51));
#1718 = DIRECTION('',(-0.,0.,-1.));
#1719 = DIRECTION('',(-0.,-1.,0.));
#1720 = FACE_BOUND('',#1721,.T.);
#1721 = EDGE_LOOP('',(#1722));
#1722 = ORIENTED_EDGE('',*,*,#1723,.T.);
#1723 = EDGE_CURVE('',#1724,#1724,#1726,.T.);
#1724 = VERTEX_POINT('',#1725);
#1725 = CARTESIAN_POINT('',(137.47,-90.18,1.51));
#1726 = CIRCLE('',#1727,1.);
#1727 = AXIS2_PLACEMENT_3D('',#1728,#1729,#1730);
#1728 = CARTESIAN_POINT('',(137.47,-89.18,1.51));
#1729 = DIRECTION('',(-0.,0.,-1.));
#1730 = DIRECTION('',(-0.,-1.,0.));
#1731 = FACE_BOUND('',#1732,.T.);
#1732 = EDGE_LOOP('',(#1733));
#1733 = ORIENTED_EDGE('',*,*,#1734,.T.);
#1734 = EDGE_CURVE('',#1735,#1735,#1737,.T.);
#1735 = VERTEX_POINT('',#1736);
#1736 = CARTESIAN_POINT('',(152.77,-74.88,1.51));
#1737 = CIRCLE('',#1738,1.);
#1738 = AXIS2_PLACEMENT_3D('',#1739,#1740,#1741);
#1739 = CARTESIAN_POINT('',(152.77,-73.88,1.51));
#1740 = DIRECTION('',(-0.,0.,-1.));
#1741 = DIRECTION('',(-0.,-1.,0.));
#1742 = FACE_BOUND('',#1743,.T.);
#1743 = EDGE_LOOP('',(#1744));
#1744 = ORIENTED_EDGE('',*,*,#1745,.T.);
#1745 = EDGE_CURVE('',#1746,#1746,#1748,.T.);
#1746 = VERTEX_POINT('',#1747);
#1747 = CARTESIAN_POINT('',(158.57,-74.88,1.51));
#1748 = CIRCLE('',#1749,1.);
#1749 = AXIS2_PLACEMENT_3D('',#1750,#1751,#1752);
#1750 = CARTESIAN_POINT('',(158.57,-73.88,1.51));
#1751 = DIRECTION('',(-0.,0.,-1.));
#1752 = DIRECTION('',(-0.,-1.,0.));
#1753 = FACE_BOUND('',#1754,.T.);
#1754 = EDGE_LOOP('',(#1755));
#1755 = ORIENTED_EDGE('',*,*,#1756,.T.);
#1756 = EDGE_CURVE('',#1757,#1757,#1759,.T.);
#1757 = VERTEX_POINT('',#1758);
#1758 = CARTESIAN_POINT('',(168.27,-89.98,1.51));
#1759 = CIRCLE('',#1760,1.);
#1760 = AXIS2_PLACEMENT_3D('',#1761,#1762,#1763);
#1761 = CARTESIAN_POINT('',(168.27,-88.98,1.51));
#1762 = DIRECTION('',(-0.,0.,-1.));
#1763 = DIRECTION('',(-0.,-1.,0.));
#1764 = FACE_BOUND('',#1765,.T.);
#1765 = EDGE_LOOP('',(#1766));
#1766 = ORIENTED_EDGE('',*,*,#1767,.T.);
#1767 = EDGE_CURVE('',#1768,#1768,#1770,.T.);
#1768 = VERTEX_POINT('',#1769);
#1769 = CARTESIAN_POINT('',(203.77,-107.18,1.51));
#1770 = CIRCLE('',#1771,1.);
#1771 = AXIS2_PLACEMENT_3D('',#1772,#1773,#1774);
#1772 = CARTESIAN_POINT('',(203.77,-106.18,1.51));
#1773 = DIRECTION('',(-0.,0.,-1.));
#1774 = DIRECTION('',(-0.,-1.,0.));
#1775 = FACE_BOUND('',#1776,.T.);
#1776 = EDGE_LOOP('',(#1777));
#1777 = ORIENTED_EDGE('',*,*,#1778,.T.);
#1778 = EDGE_CURVE('',#1779,#1779,#1781,.T.);
#1779 = VERTEX_POINT('',#1780);
#1780 = CARTESIAN_POINT('',(196.78,-100.18,1.51));
#1781 = CIRCLE('',#1782,1.);
#1782 = AXIS2_PLACEMENT_3D('',#1783,#1784,#1785);
#1783 = CARTESIAN_POINT('',(196.78,-99.18,1.51));
#1784 = DIRECTION('',(-0.,0.,-1.));
#1785 = DIRECTION('',(-0.,-1.,0.));
#1786 = FACE_BOUND('',#1787,.T.);
#1787 = EDGE_LOOP('',(#1788));
#1788 = ORIENTED_EDGE('',*,*,#1789,.T.);
#1789 = EDGE_CURVE('',#1790,#1790,#1792,.T.);
#1790 = VERTEX_POINT('',#1791);
#1791 = CARTESIAN_POINT('',(220.77,-102.18,1.51));
#1792 = CIRCLE('',#1793,1.);
#1793 = AXIS2_PLACEMENT_3D('',#1794,#1795,#1796);
#1794 = CARTESIAN_POINT('',(220.77,-101.18,1.51));
#1795 = DIRECTION('',(-0.,0.,-1.));
#1796 = DIRECTION('',(-0.,-1.,0.));
#1797 = FACE_BOUND('',#1798,.T.);
#1798 = EDGE_LOOP('',(#1799));
#1799 = ORIENTED_EDGE('',*,*,#1800,.T.);
#1800 = EDGE_CURVE('',#1801,#1801,#1803,.T.);
#1801 = VERTEX_POINT('',#1802);
#1802 = CARTESIAN_POINT('',(229.07,-101.68,1.51));
#1803 = CIRCLE('',#1804,1.);
#1804 = AXIS2_PLACEMENT_3D('',#1805,#1806,#1807);
#1805 = CARTESIAN_POINT('',(229.07,-100.68,1.51));
#1806 = DIRECTION('',(-0.,0.,-1.));
#1807 = DIRECTION('',(-0.,-1.,0.));
#1808 = FACE_BOUND('',#1809,.T.);
#1809 = EDGE_LOOP('',(#1810));
#1810 = ORIENTED_EDGE('',*,*,#1811,.T.);
#1811 = EDGE_CURVE('',#1812,#1812,#1814,.T.);
#1812 = VERTEX_POINT('',#1813);
#1813 = CARTESIAN_POINT('',(201.76,-83.18,1.51));
#1814 = CIRCLE('',#1815,1.);
#1815 = AXIS2_PLACEMENT_3D('',#1816,#1817,#1818);
#1816 = CARTESIAN_POINT('',(201.76,-82.18,1.51));
#1817 = DIRECTION('',(-0.,0.,-1.));
#1818 = DIRECTION('',(-0.,-1.,0.));
#1819 = FACE_BOUND('',#1820,.T.);
#1820 = EDGE_LOOP('',(#1821));
#1821 = ORIENTED_EDGE('',*,*,#1822,.T.);
#1822 = EDGE_CURVE('',#1823,#1823,#1825,.T.);
#1823 = VERTEX_POINT('',#1824);
#1824 = CARTESIAN_POINT('',(202.26,-74.88,1.51));
#1825 = CIRCLE('',#1826,1.);
#1826 = AXIS2_PLACEMENT_3D('',#1827,#1828,#1829);
#1827 = CARTESIAN_POINT('',(202.26,-73.88,1.51));
#1828 = DIRECTION('',(-0.,0.,-1.));
#1829 = DIRECTION('',(-0.,-1.,0.));
#1830 = FACE_BOUND('',#1831,.T.);
#1831 = EDGE_LOOP('',(#1832));
#1832 = ORIENTED_EDGE('',*,*,#1833,.T.);
#1833 = EDGE_CURVE('',#1834,#1834,#1836,.T.);
#1834 = VERTEX_POINT('',#1835);
#1835 = CARTESIAN_POINT('',(229.07,-95.98,1.51));
#1836 = CIRCLE('',#1837,1.);
#1837 = AXIS2_PLACEMENT_3D('',#1838,#1839,#1840);
#1838 = CARTESIAN_POINT('',(229.07,-94.98,1.51));
#1839 = DIRECTION('',(-0.,0.,-1.));
#1840 = DIRECTION('',(-0.,-1.,0.));
#1841 = FACE_BOUND('',#1842,.T.);
#1842 = EDGE_LOOP('',(#1843));
#1843 = ORIENTED_EDGE('',*,*,#1844,.T.);
#1844 = EDGE_CURVE('',#1845,#1845,#1847,.T.);
#1845 = VERTEX_POINT('',#1846);
#1846 = CARTESIAN_POINT('',(229.07,-90.18,1.51));
#1847 = CIRCLE('',#1848,1.);
#1848 = AXIS2_PLACEMENT_3D('',#1849,#1850,#1851);
#1849 = CARTESIAN_POINT('',(229.07,-89.18,1.51));
#1850 = DIRECTION('',(-0.,0.,-1.));
#1851 = DIRECTION('',(-0.,-1.,0.));
#1852 = FACE_BOUND('',#1853,.T.);
#1853 = EDGE_LOOP('',(#1854));
#1854 = ORIENTED_EDGE('',*,*,#1855,.T.);
#1855 = EDGE_CURVE('',#1856,#1856,#1858,.T.);
#1856 = VERTEX_POINT('',#1857);
#1857 = CARTESIAN_POINT('',(207.96,-74.88,1.51));
#1858 = CIRCLE('',#1859,1.);
#1859 = AXIS2_PLACEMENT_3D('',#1860,#1861,#1862);
#1860 = CARTESIAN_POINT('',(207.96,-73.88,1.51));
#1861 = DIRECTION('',(-0.,0.,-1.));
#1862 = DIRECTION('',(-0.,-1.,0.));
#1863 = FACE_BOUND('',#1864,.T.);
#1864 = EDGE_LOOP('',(#1865));
#1865 = ORIENTED_EDGE('',*,*,#1866,.T.);
#1866 = EDGE_CURVE('',#1867,#1867,#1869,.T.);
#1867 = VERTEX_POINT('',#1868);
#1868 = CARTESIAN_POINT('',(213.74,-74.88,1.51));
#1869 = CIRCLE('',#1870,1.);
#1870 = AXIS2_PLACEMENT_3D('',#1871,#1872,#1873);
#1871 = CARTESIAN_POINT('',(213.74,-73.88,1.51));
#1872 = DIRECTION('',(-0.,0.,-1.));
#1873 = DIRECTION('',(-0.,-1.,0.));
#1874 = PLANE('',#1875);
#1875 = AXIS2_PLACEMENT_3D('',#1876,#1877,#1878);
#1876 = CARTESIAN_POINT('',(0.,0.,1.51));
#1877 = DIRECTION('',(0.,0.,1.));
#1878 = DIRECTION('',(1.,0.,-0.));
#1879 = ADVANCED_FACE('',(#1880),#1891,.T.);
#1880 = FACE_BOUND('',#1881,.T.);
#1881 = EDGE_LOOP('',(#1882,#1888,#1889,#1890));
#1882 = ORIENTED_EDGE('',*,*,#1883,.T.);
#1883 = EDGE_CURVE('',#1020,#1453,#1884,.T.);
#1884 = LINE('',#1885,#1886);
#1885 = CARTESIAN_POINT('',(143.77,-70.68,0.));
#1886 = VECTOR('',#1887,1.);
#1887 = DIRECTION('',(0.,0.,1.));
#1888 = ORIENTED_EDGE('',*,*,#1452,.T.);
#1889 = ORIENTED_EDGE('',*,*,#955,.F.);
#1890 = ORIENTED_EDGE('',*,*,#1019,.F.);
#1891 = PLANE('',#1892);
#1892 = AXIS2_PLACEMENT_3D('',#1893,#1894,#1895);
#1893 = CARTESIAN_POINT('',(143.77,-70.68,0.));
#1894 = DIRECTION('',(0.,1.,0.));
#1895 = DIRECTION('',(1.,0.,0.));
#1896 = ADVANCED_FACE('',(#1897),#1908,.T.);
#1897 = FACE_BOUND('',#1898,.T.);
#1898 = EDGE_LOOP('',(#1899,#1900,#1901,#1907));
#1899 = ORIENTED_EDGE('',*,*,#995,.T.);
#1900 = ORIENTED_EDGE('',*,*,#1516,.T.);
#1901 = ORIENTED_EDGE('',*,*,#1902,.F.);
#1902 = EDGE_CURVE('',#1076,#1509,#1903,.T.);
#1903 = LINE('',#1904,#1905);
#1904 = CARTESIAN_POINT('',(222.77,-159.18,0.));
#1905 = VECTOR('',#1906,1.);
#1906 = DIRECTION('',(0.,0.,1.));
#1907 = ORIENTED_EDGE('',*,*,#1083,.F.);
#1908 = PLANE('',#1909);
#1909 = AXIS2_PLACEMENT_3D('',#1910,#1911,#1912);
#1910 = CARTESIAN_POINT('',(232.27,-159.18,0.));
#1911 = DIRECTION('',(0.,-1.,0.));
#1912 = DIRECTION('',(-1.,0.,0.));
#1913 = ADVANCED_FACE('',(#1914),#1925,.T.);
#1914 = FACE_BOUND('',#1915,.T.);
#1915 = EDGE_LOOP('',(#1916,#1922,#1923,#1924));
#1916 = ORIENTED_EDGE('',*,*,#1917,.T.);
#1917 = EDGE_CURVE('',#1028,#1461,#1918,.T.);
#1918 = LINE('',#1919,#1920);
#1919 = CARTESIAN_POINT('',(143.77,-80.18,0.));
#1920 = VECTOR('',#1921,1.);
#1921 = DIRECTION('',(0.,0.,1.));
#1922 = ORIENTED_EDGE('',*,*,#1460,.T.);
#1923 = ORIENTED_EDGE('',*,*,#1883,.F.);
#1924 = ORIENTED_EDGE('',*,*,#1027,.F.);
#1925 = PLANE('',#1926);
#1926 = AXIS2_PLACEMENT_3D('',#1927,#1928,#1929);
#1927 = CARTESIAN_POINT('',(143.77,-80.18,0.));
#1928 = DIRECTION('',(-1.,0.,0.));
#1929 = DIRECTION('',(0.,1.,0.));
#1930 = ADVANCED_FACE('',(#1931),#1942,.T.);
#1931 = FACE_BOUND('',#1932,.T.);
#1932 = EDGE_LOOP('',(#1933,#1934,#1935,#1941));
#1933 = ORIENTED_EDGE('',*,*,#1902,.T.);
#1934 = ORIENTED_EDGE('',*,*,#1508,.T.);
#1935 = ORIENTED_EDGE('',*,*,#1936,.F.);
#1936 = EDGE_CURVE('',#1068,#1501,#1937,.T.);
#1937 = LINE('',#1938,#1939);
#1938 = CARTESIAN_POINT('',(222.77,-168.68,0.));
#1939 = VECTOR('',#1940,1.);
#1940 = DIRECTION('',(0.,0.,1.));
#1941 = ORIENTED_EDGE('',*,*,#1075,.F.);
#1942 = PLANE('',#1943);
#1943 = AXIS2_PLACEMENT_3D('',#1944,#1945,#1946);
#1944 = CARTESIAN_POINT('',(222.77,-159.18,0.));
#1945 = DIRECTION('',(1.,0.,-0.));
#1946 = DIRECTION('',(0.,-1.,0.));
#1947 = ADVANCED_FACE('',(#1948),#1959,.T.);
#1948 = FACE_BOUND('',#1949,.T.);
#1949 = EDGE_LOOP('',(#1950,#1956,#1957,#1958));
#1950 = ORIENTED_EDGE('',*,*,#1951,.T.);
#1951 = EDGE_CURVE('',#1036,#1469,#1952,.T.);
#1952 = LINE('',#1953,#1954);
#1953 = CARTESIAN_POINT('',(134.27,-80.18,0.));
#1954 = VECTOR('',#1955,1.);
#1955 = DIRECTION('',(0.,0.,1.));
#1956 = ORIENTED_EDGE('',*,*,#1468,.T.);
#1957 = ORIENTED_EDGE('',*,*,#1917,.F.);
#1958 = ORIENTED_EDGE('',*,*,#1035,.F.);
#1959 = PLANE('',#1960);
#1960 = AXIS2_PLACEMENT_3D('',#1961,#1962,#1963);
#1961 = CARTESIAN_POINT('',(134.27,-80.18,0.));
#1962 = DIRECTION('',(0.,1.,0.));
#1963 = DIRECTION('',(1.,0.,0.));
#1964 = ADVANCED_FACE('',(#1965),#1976,.T.);
#1965 = FACE_BOUND('',#1966,.T.);
#1966 = EDGE_LOOP('',(#1967,#1968,#1969,#1975));
#1967 = ORIENTED_EDGE('',*,*,#1936,.T.);
#1968 = ORIENTED_EDGE('',*,*,#1500,.T.);
#1969 = ORIENTED_EDGE('',*,*,#1970,.F.);
#1970 = EDGE_CURVE('',#1060,#1493,#1971,.T.);
#1971 = LINE('',#1972,#1973);
#1972 = CARTESIAN_POINT('',(143.77,-168.68,0.));
#1973 = VECTOR('',#1974,1.);
#1974 = DIRECTION('',(0.,0.,1.));
#1975 = ORIENTED_EDGE('',*,*,#1067,.F.);
#1976 = PLANE('',#1977);
#1977 = AXIS2_PLACEMENT_3D('',#1978,#1979,#1980);
#1978 = CARTESIAN_POINT('',(222.77,-168.68,0.));
#1979 = DIRECTION('',(0.,-1.,0.));
#1980 = DIRECTION('',(-1.,0.,0.));
#1981 = ADVANCED_FACE('',(#1982),#1993,.T.);
#1982 = FACE_BOUND('',#1983,.T.);
#1983 = EDGE_LOOP('',(#1984,#1990,#1991,#1992));
#1984 = ORIENTED_EDGE('',*,*,#1985,.T.);
#1985 = EDGE_CURVE('',#1044,#1477,#1986,.T.);
#1986 = LINE('',#1987,#1988);
#1987 = CARTESIAN_POINT('',(134.27,-159.18,0.));
#1988 = VECTOR('',#1989,1.);
#1989 = DIRECTION('',(0.,0.,1.));
#1990 = ORIENTED_EDGE('',*,*,#1476,.T.);
#1991 = ORIENTED_EDGE('',*,*,#1951,.F.);
#1992 = ORIENTED_EDGE('',*,*,#1043,.F.);
#1993 = PLANE('',#1994);
#1994 = AXIS2_PLACEMENT_3D('',#1995,#1996,#1997);
#1995 = CARTESIAN_POINT('',(134.27,-159.18,0.));
#1996 = DIRECTION('',(-1.,0.,0.));
#1997 = DIRECTION('',(0.,1.,0.));
#1998 = ADVANCED_FACE('',(#1999),#2010,.T.);
#1999 = FACE_BOUND('',#2000,.T.);
#2000 = EDGE_LOOP('',(#2001,#2002,#2003,#2009));
#2001 = ORIENTED_EDGE('',*,*,#1970,.T.);
#2002 = ORIENTED_EDGE('',*,*,#1492,.T.);
#2003 = ORIENTED_EDGE('',*,*,#2004,.F.);
#2004 = EDGE_CURVE('',#1052,#1485,#2005,.T.);
#2005 = LINE('',#2006,#2007);
#2006 = CARTESIAN_POINT('',(143.77,-159.18,0.));
#2007 = VECTOR('',#2008,1.);
#2008 = DIRECTION('',(0.,0.,1.));
#2009 = ORIENTED_EDGE('',*,*,#1059,.F.);
#2010 = PLANE('',#2011);
#2011 = AXIS2_PLACEMENT_3D('',#2012,#2013,#2014);
#2012 = CARTESIAN_POINT('',(143.77,-168.68,0.));
#2013 = DIRECTION('',(-1.,0.,0.));
#2014 = DIRECTION('',(0.,1.,0.));
#2015 = ADVANCED_FACE('',(#2016),#2022,.T.);
#2016 = FACE_BOUND('',#2017,.T.);
#2017 = EDGE_LOOP('',(#2018,#2019,#2020,#2021));
#2018 = ORIENTED_EDGE('',*,*,#2004,.T.);
#2019 = ORIENTED_EDGE('',*,*,#1484,.T.);
#2020 = ORIENTED_EDGE('',*,*,#1985,.F.);
#2021 = ORIENTED_EDGE('',*,*,#1051,.F.);
#2022 = PLANE('',#2023);
#2023 = AXIS2_PLACEMENT_3D('',#2024,#2025,#2026);
#2024 = CARTESIAN_POINT('',(143.77,-159.18,0.));
#2025 = DIRECTION('',(0.,-1.,0.));
#2026 = DIRECTION('',(-1.,0.,0.));
#2027 = ADVANCED_FACE('',(#2028),#2039,.F.);
#2028 = FACE_BOUND('',#2029,.T.);
#2029 = EDGE_LOOP('',(#2030,#2031,#2037,#2038));
#2030 = ORIENTED_EDGE('',*,*,#1092,.T.);
#2031 = ORIENTED_EDGE('',*,*,#2032,.T.);
#2032 = EDGE_CURVE('',#1093,#1526,#2033,.T.);
#2033 = LINE('',#2034,#2035);
#2034 = CARTESIAN_POINT('',(152.77,-166.48,-4.6E-02));
#2035 = VECTOR('',#2036,1.);
#2036 = DIRECTION('',(0.,0.,1.));
#2037 = ORIENTED_EDGE('',*,*,#1525,.F.);
#2038 = ORIENTED_EDGE('',*,*,#2032,.F.);
#2039 = CYLINDRICAL_SURFACE('',#2040,1.);
#2040 = AXIS2_PLACEMENT_3D('',#2041,#2042,#2043);
#2041 = CARTESIAN_POINT('',(152.77,-165.48,-4.6E-02));
#2042 = DIRECTION('',(-0.,-0.,-1.));
#2043 = DIRECTION('',(-0.,-1.,0.));
#2044 = ADVANCED_FACE('',(#2045),#2056,.F.);
#2045 = FACE_BOUND('',#2046,.T.);
#2046 = EDGE_LOOP('',(#2047,#2048,#2054,#2055));
#2047 = ORIENTED_EDGE('',*,*,#1103,.T.);
#2048 = ORIENTED_EDGE('',*,*,#2049,.T.);
#2049 = EDGE_CURVE('',#1104,#1537,#2050,.T.);
#2050 = LINE('',#2051,#2052);
#2051 = CARTESIAN_POINT('',(158.57,-166.48,-4.6E-02));
#2052 = VECTOR('',#2053,1.);
#2053 = DIRECTION('',(0.,0.,1.));
#2054 = ORIENTED_EDGE('',*,*,#1536,.F.);
#2055 = ORIENTED_EDGE('',*,*,#2049,.F.);
#2056 = CYLINDRICAL_SURFACE('',#2057,1.);
#2057 = AXIS2_PLACEMENT_3D('',#2058,#2059,#2060);
#2058 = CARTESIAN_POINT('',(158.57,-165.48,-4.6E-02));
#2059 = DIRECTION('',(-0.,-0.,-1.));
#2060 = DIRECTION('',(-0.,-1.,0.));
#2061 = ADVANCED_FACE('',(#2062),#2073,.F.);
#2062 = FACE_BOUND('',#2063,.T.);
#2063 = EDGE_LOOP('',(#2064,#2065,#2071,#2072));
#2064 = ORIENTED_EDGE('',*,*,#1114,.T.);
#2065 = ORIENTED_EDGE('',*,*,#2066,.T.);
#2066 = EDGE_CURVE('',#1115,#1548,#2067,.T.);
#2067 = LINE('',#2068,#2069);
#2068 = CARTESIAN_POINT('',(137.47,-151.18,-4.6E-02));
#2069 = VECTOR('',#2070,1.);
#2070 = DIRECTION('',(0.,0.,1.));
#2071 = ORIENTED_EDGE('',*,*,#1547,.F.);
#2072 = ORIENTED_EDGE('',*,*,#2066,.F.);
#2073 = CYLINDRICAL_SURFACE('',#2074,1.);
#2074 = AXIS2_PLACEMENT_3D('',#2075,#2076,#2077);
#2075 = CARTESIAN_POINT('',(137.47,-150.18,-4.6E-02));
#2076 = DIRECTION('',(-0.,-0.,-1.));
#2077 = DIRECTION('',(-0.,-1.,0.));
#2078 = ADVANCED_FACE('',(#2079),#2090,.F.);
#2079 = FACE_BOUND('',#2080,.T.);
#2080 = EDGE_LOOP('',(#2081,#2082,#2088,#2089));
#2081 = ORIENTED_EDGE('',*,*,#1125,.T.);
#2082 = ORIENTED_EDGE('',*,*,#2083,.T.);
#2083 = EDGE_CURVE('',#1126,#1559,#2084,.T.);
#2084 = LINE('',#2085,#2086);
#2085 = CARTESIAN_POINT('',(137.47,-145.38,-4.6E-02));
#2086 = VECTOR('',#2087,1.);
#2087 = DIRECTION('',(0.,0.,1.));
#2088 = ORIENTED_EDGE('',*,*,#1558,.F.);
#2089 = ORIENTED_EDGE('',*,*,#2083,.F.);
#2090 = CYLINDRICAL_SURFACE('',#2091,1.);
#2091 = AXIS2_PLACEMENT_3D('',#2092,#2093,#2094);
#2092 = CARTESIAN_POINT('',(137.47,-144.38,-4.6E-02));
#2093 = DIRECTION('',(-0.,-0.,-1.));
#2094 = DIRECTION('',(-0.,-1.,0.));
#2095 = ADVANCED_FACE('',(#2096),#2107,.F.);
#2096 = FACE_BOUND('',#2097,.T.);
#2097 = EDGE_LOOP('',(#2098,#2099,#2105,#2106));
#2098 = ORIENTED_EDGE('',*,*,#1136,.T.);
#2099 = ORIENTED_EDGE('',*,*,#2100,.T.);
#2100 = EDGE_CURVE('',#1137,#1570,#2101,.T.);
#2101 = LINE('',#2102,#2103);
#2102 = CARTESIAN_POINT('',(164.27,-166.48,-4.6E-02));
#2103 = VECTOR('',#2104,1.);
#2104 = DIRECTION('',(0.,0.,1.));
#2105 = ORIENTED_EDGE('',*,*,#1569,.F.);
#2106 = ORIENTED_EDGE('',*,*,#2100,.F.);
#2107 = CYLINDRICAL_SURFACE('',#2108,1.);
#2108 = AXIS2_PLACEMENT_3D('',#2109,#2110,#2111);
#2109 = CARTESIAN_POINT('',(164.27,-165.48,-4.6E-02));
#2110 = DIRECTION('',(-0.,-0.,-1.));
#2111 = DIRECTION('',(-0.,-1.,0.));
#2112 = ADVANCED_FACE('',(#2113),#2124,.F.);
#2113 = FACE_BOUND('',#2114,.T.);
#2114 = EDGE_LOOP('',(#2115,#2116,#2122,#2123));
#2115 = ORIENTED_EDGE('',*,*,#1147,.T.);
#2116 = ORIENTED_EDGE('',*,*,#2117,.T.);
#2117 = EDGE_CURVE('',#1148,#1581,#2118,.T.);
#2118 = LINE('',#2119,#2120);
#2119 = CARTESIAN_POINT('',(164.77,-158.18,-4.6E-02));
#2120 = VECTOR('',#2121,1.);
#2121 = DIRECTION('',(0.,0.,1.));
#2122 = ORIENTED_EDGE('',*,*,#1580,.F.);
#2123 = ORIENTED_EDGE('',*,*,#2117,.F.);
#2124 = CYLINDRICAL_SURFACE('',#2125,1.);
#2125 = AXIS2_PLACEMENT_3D('',#2126,#2127,#2128);
#2126 = CARTESIAN_POINT('',(164.77,-157.18,-4.6E-02));
#2127 = DIRECTION('',(-0.,-0.,-1.));
#2128 = DIRECTION('',(-0.,-1.,0.));
#2129 = ADVANCED_FACE('',(#2130),#2141,.F.);
#2130 = FACE_BOUND('',#2131,.T.);
#2131 = EDGE_LOOP('',(#2132,#2133,#2139,#2140));
#2132 = ORIENTED_EDGE('',*,*,#1158,.T.);
#2133 = ORIENTED_EDGE('',*,*,#2134,.T.);
#2134 = EDGE_CURVE('',#1159,#1592,#2135,.T.);
#2135 = LINE('',#2136,#2137);
#2136 = CARTESIAN_POINT('',(137.47,-139.68,-4.6E-02));
#2137 = VECTOR('',#2138,1.);
#2138 = DIRECTION('',(0.,0.,1.));
#2139 = ORIENTED_EDGE('',*,*,#1591,.F.);
#2140 = ORIENTED_EDGE('',*,*,#2134,.F.);
#2141 = CYLINDRICAL_SURFACE('',#2142,1.);
#2142 = AXIS2_PLACEMENT_3D('',#2143,#2144,#2145);
#2143 = CARTESIAN_POINT('',(137.47,-138.68,-4.6E-02));
#2144 = DIRECTION('',(-0.,-0.,-1.));
#2145 = DIRECTION('',(-0.,-1.,0.));
#2146 = ADVANCED_FACE('',(#2147),#2158,.F.);
#2147 = FACE_BOUND('',#2148,.T.);
#2148 = EDGE_LOOP('',(#2149,#2150,#2156,#2157));
#2149 = ORIENTED_EDGE('',*,*,#1169,.T.);
#2150 = ORIENTED_EDGE('',*,*,#2151,.T.);
#2151 = EDGE_CURVE('',#1170,#1603,#2152,.T.);
#2152 = LINE('',#2153,#2154);
#2153 = CARTESIAN_POINT('',(145.77,-139.18,-4.6E-02));
#2154 = VECTOR('',#2155,1.);
#2155 = DIRECTION('',(0.,0.,1.));
#2156 = ORIENTED_EDGE('',*,*,#1602,.F.);
#2157 = ORIENTED_EDGE('',*,*,#2151,.F.);
#2158 = CYLINDRICAL_SURFACE('',#2159,1.);
#2159 = AXIS2_PLACEMENT_3D('',#2160,#2161,#2162);
#2160 = CARTESIAN_POINT('',(145.77,-138.18,-4.6E-02));
#2161 = DIRECTION('',(-0.,-0.,-1.));
#2162 = DIRECTION('',(-0.,-1.,0.));
#2163 = ADVANCED_FACE('',(#2164),#2175,.F.);
#2164 = FACE_BOUND('',#2165,.T.);
#2165 = EDGE_LOOP('',(#2166,#2167,#2173,#2174));
#2166 = ORIENTED_EDGE('',*,*,#1180,.T.);
#2167 = ORIENTED_EDGE('',*,*,#2168,.T.);
#2168 = EDGE_CURVE('',#1181,#1614,#2169,.T.);
#2169 = LINE('',#2170,#2171);
#2170 = CARTESIAN_POINT('',(169.77,-141.18,-4.6E-02));
#2171 = VECTOR('',#2172,1.);
#2172 = DIRECTION('',(0.,0.,1.));
#2173 = ORIENTED_EDGE('',*,*,#1613,.F.);
#2174 = ORIENTED_EDGE('',*,*,#2168,.F.);
#2175 = CYLINDRICAL_SURFACE('',#2176,1.);
#2176 = AXIS2_PLACEMENT_3D('',#2177,#2178,#2179);
#2177 = CARTESIAN_POINT('',(169.77,-140.18,-4.6E-02));
#2178 = DIRECTION('',(-0.,-0.,-1.));
#2179 = DIRECTION('',(-0.,-1.,0.));
#2180 = ADVANCED_FACE('',(#2181),#2192,.F.);
#2181 = FACE_BOUND('',#2182,.T.);
#2182 = EDGE_LOOP('',(#2183,#2184,#2190,#2191));
#2183 = ORIENTED_EDGE('',*,*,#1191,.T.);
#2184 = ORIENTED_EDGE('',*,*,#2185,.T.);
#2185 = EDGE_CURVE('',#1192,#1625,#2186,.T.);
#2186 = LINE('',#2187,#2188);
#2187 = CARTESIAN_POINT('',(162.77,-134.18,-4.6E-02));
#2188 = VECTOR('',#2189,1.);
#2189 = DIRECTION('',(0.,0.,1.));
#2190 = ORIENTED_EDGE('',*,*,#1624,.F.);
#2191 = ORIENTED_EDGE('',*,*,#2185,.F.);
#2192 = CYLINDRICAL_SURFACE('',#2193,1.);
#2193 = AXIS2_PLACEMENT_3D('',#2194,#2195,#2196);
#2194 = CARTESIAN_POINT('',(162.77,-133.18,-4.6E-02));
#2195 = DIRECTION('',(-0.,-0.,-1.));
#2196 = DIRECTION('',(-0.,-1.,0.));
#2197 = ADVANCED_FACE('',(#2198),#2209,.F.);
#2198 = FACE_BOUND('',#2199,.T.);
#2199 = EDGE_LOOP('',(#2200,#2201,#2207,#2208));
#2200 = ORIENTED_EDGE('',*,*,#1202,.T.);
#2201 = ORIENTED_EDGE('',*,*,#2202,.T.);
#2202 = EDGE_CURVE('',#1203,#1636,#2203,.T.);
#2203 = LINE('',#2204,#2205);
#2204 = CARTESIAN_POINT('',(198.31,-151.38,-4.6E-02));
#2205 = VECTOR('',#2206,1.);
#2206 = DIRECTION('',(0.,0.,1.));
#2207 = ORIENTED_EDGE('',*,*,#1635,.F.);
#2208 = ORIENTED_EDGE('',*,*,#2202,.F.);
#2209 = CYLINDRICAL_SURFACE('',#2210,1.);
#2210 = AXIS2_PLACEMENT_3D('',#2211,#2212,#2213);
#2211 = CARTESIAN_POINT('',(198.31,-150.38,-4.6E-02));
#2212 = DIRECTION('',(-0.,-0.,-1.));
#2213 = DIRECTION('',(-0.,-1.,0.));
#2214 = ADVANCED_FACE('',(#2215),#2226,.F.);
#2215 = FACE_BOUND('',#2216,.T.);
#2216 = EDGE_LOOP('',(#2217,#2218,#2224,#2225));
#2217 = ORIENTED_EDGE('',*,*,#1213,.T.);
#2218 = ORIENTED_EDGE('',*,*,#2219,.T.);
#2219 = EDGE_CURVE('',#1214,#1647,#2220,.T.);
#2220 = LINE('',#2221,#2222);
#2221 = CARTESIAN_POINT('',(208.03,-166.48,-4.6E-02));
#2222 = VECTOR('',#2223,1.);
#2223 = DIRECTION('',(0.,0.,1.));
#2224 = ORIENTED_EDGE('',*,*,#1646,.F.);
#2225 = ORIENTED_EDGE('',*,*,#2219,.F.);
#2226 = CYLINDRICAL_SURFACE('',#2227,1.);
#2227 = AXIS2_PLACEMENT_3D('',#2228,#2229,#2230);
#2228 = CARTESIAN_POINT('',(208.03,-165.48,-4.6E-02));
#2229 = DIRECTION('',(-0.,-0.,-1.));
#2230 = DIRECTION('',(-0.,-1.,0.));
#2231 = ADVANCED_FACE('',(#2232),#2243,.F.);
#2232 = FACE_BOUND('',#2233,.T.);
#2233 = EDGE_LOOP('',(#2234,#2235,#2241,#2242));
#2234 = ORIENTED_EDGE('',*,*,#1224,.T.);
#2235 = ORIENTED_EDGE('',*,*,#2236,.T.);
#2236 = EDGE_CURVE('',#1225,#1658,#2237,.T.);
#2237 = LINE('',#2238,#2239);
#2238 = CARTESIAN_POINT('',(213.82,-166.48,-4.6E-02));
#2239 = VECTOR('',#2240,1.);
#2240 = DIRECTION('',(0.,0.,1.));
#2241 = ORIENTED_EDGE('',*,*,#1657,.F.);
#2242 = ORIENTED_EDGE('',*,*,#2236,.F.);
#2243 = CYLINDRICAL_SURFACE('',#2244,1.);
#2244 = AXIS2_PLACEMENT_3D('',#2245,#2246,#2247);
#2245 = CARTESIAN_POINT('',(213.82,-165.48,-4.6E-02));
#2246 = DIRECTION('',(-0.,-0.,-1.));
#2247 = DIRECTION('',(-0.,-1.,0.));
#2248 = ADVANCED_FACE('',(#2249),#2260,.F.);
#2249 = FACE_BOUND('',#2250,.T.);
#2250 = EDGE_LOOP('',(#2251,#2252,#2258,#2259));
#2251 = ORIENTED_EDGE('',*,*,#1235,.T.);
#2252 = ORIENTED_EDGE('',*,*,#2253,.T.);
#2253 = EDGE_CURVE('',#1236,#1669,#2254,.T.);
#2254 = LINE('',#2255,#2256);
#2255 = CARTESIAN_POINT('',(229.11,-151.18,-4.6E-02));
#2256 = VECTOR('',#2257,1.);
#2257 = DIRECTION('',(0.,0.,1.));
#2258 = ORIENTED_EDGE('',*,*,#1668,.F.);
#2259 = ORIENTED_EDGE('',*,*,#2253,.F.);
#2260 = CYLINDRICAL_SURFACE('',#2261,1.);
#2261 = AXIS2_PLACEMENT_3D('',#2262,#2263,#2264);
#2262 = CARTESIAN_POINT('',(229.11,-150.18,-4.6E-02));
#2263 = DIRECTION('',(-0.,-0.,-1.));
#2264 = DIRECTION('',(-0.,-1.,0.));
#2265 = ADVANCED_FACE('',(#2266),#2277,.F.);
#2266 = FACE_BOUND('',#2267,.T.);
#2267 = EDGE_LOOP('',(#2268,#2269,#2275,#2276));
#2268 = ORIENTED_EDGE('',*,*,#1246,.T.);
#2269 = ORIENTED_EDGE('',*,*,#2270,.T.);
#2270 = EDGE_CURVE('',#1247,#1680,#2271,.T.);
#2271 = LINE('',#2272,#2273);
#2272 = CARTESIAN_POINT('',(229.11,-145.38,-4.6E-02));
#2273 = VECTOR('',#2274,1.);
#2274 = DIRECTION('',(0.,0.,1.));
#2275 = ORIENTED_EDGE('',*,*,#1679,.F.);
#2276 = ORIENTED_EDGE('',*,*,#2270,.F.);
#2277 = CYLINDRICAL_SURFACE('',#2278,1.);
#2278 = AXIS2_PLACEMENT_3D('',#2279,#2280,#2281);
#2279 = CARTESIAN_POINT('',(229.11,-144.38,-4.6E-02));
#2280 = DIRECTION('',(-0.,-0.,-1.));
#2281 = DIRECTION('',(-0.,-1.,0.));
#2282 = ADVANCED_FACE('',(#2283),#2294,.F.);
#2283 = FACE_BOUND('',#2284,.T.);
#2284 = EDGE_LOOP('',(#2285,#2286,#2292,#2293));
#2285 = ORIENTED_EDGE('',*,*,#1257,.T.);
#2286 = ORIENTED_EDGE('',*,*,#2287,.T.);
#2287 = EDGE_CURVE('',#1258,#1691,#2288,.T.);
#2288 = LINE('',#2289,#2290);
#2289 = CARTESIAN_POINT('',(214.,-135.68,-4.6E-02));
#2290 = VECTOR('',#2291,1.);
#2291 = DIRECTION('',(0.,0.,1.));
#2292 = ORIENTED_EDGE('',*,*,#1690,.F.);
#2293 = ORIENTED_EDGE('',*,*,#2287,.F.);
#2294 = CYLINDRICAL_SURFACE('',#2295,1.);
#2295 = AXIS2_PLACEMENT_3D('',#2296,#2297,#2298);
#2296 = CARTESIAN_POINT('',(214.,-134.68,-4.6E-02));
#2297 = DIRECTION('',(-0.,-0.,-1.));
#2298 = DIRECTION('',(-0.,-1.,0.));
#2299 = ADVANCED_FACE('',(#2300),#2311,.F.);
#2300 = FACE_BOUND('',#2301,.T.);
#2301 = EDGE_LOOP('',(#2302,#2303,#2309,#2310));
#2302 = ORIENTED_EDGE('',*,*,#1268,.T.);
#2303 = ORIENTED_EDGE('',*,*,#2304,.T.);
#2304 = EDGE_CURVE('',#1269,#1702,#2305,.T.);
#2305 = LINE('',#2306,#2307);
#2306 = CARTESIAN_POINT('',(152.57,-105.68,-4.6E-02));
#2307 = VECTOR('',#2308,1.);
#2308 = DIRECTION('',(0.,0.,1.));
#2309 = ORIENTED_EDGE('',*,*,#1701,.F.);
#2310 = ORIENTED_EDGE('',*,*,#2304,.F.);
#2311 = CYLINDRICAL_SURFACE('',#2312,1.);
#2312 = AXIS2_PLACEMENT_3D('',#2313,#2314,#2315);
#2313 = CARTESIAN_POINT('',(152.57,-104.68,-4.6E-02));
#2314 = DIRECTION('',(-0.,-0.,-1.));
#2315 = DIRECTION('',(-0.,-1.,0.));
#2316 = ADVANCED_FACE('',(#2317),#2328,.F.);
#2317 = FACE_BOUND('',#2318,.T.);
#2318 = EDGE_LOOP('',(#2319,#2320,#2326,#2327));
#2319 = ORIENTED_EDGE('',*,*,#1279,.T.);
#2320 = ORIENTED_EDGE('',*,*,#2321,.T.);
#2321 = EDGE_CURVE('',#1280,#1713,#2322,.T.);
#2322 = LINE('',#2323,#2324);
#2323 = CARTESIAN_POINT('',(137.47,-95.98,-4.6E-02));
#2324 = VECTOR('',#2325,1.);
#2325 = DIRECTION('',(0.,0.,1.));
#2326 = ORIENTED_EDGE('',*,*,#1712,.F.);
#2327 = ORIENTED_EDGE('',*,*,#2321,.F.);
#2328 = CYLINDRICAL_SURFACE('',#2329,1.);
#2329 = AXIS2_PLACEMENT_3D('',#2330,#2331,#2332);
#2330 = CARTESIAN_POINT('',(137.47,-94.98,-4.6E-02));
#2331 = DIRECTION('',(-0.,-0.,-1.));
#2332 = DIRECTION('',(-0.,-1.,0.));
#2333 = ADVANCED_FACE('',(#2334),#2345,.F.);
#2334 = FACE_BOUND('',#2335,.T.);
#2335 = EDGE_LOOP('',(#2336,#2337,#2343,#2344));
#2336 = ORIENTED_EDGE('',*,*,#1290,.T.);
#2337 = ORIENTED_EDGE('',*,*,#2338,.T.);
#2338 = EDGE_CURVE('',#1291,#1724,#2339,.T.);
#2339 = LINE('',#2340,#2341);
#2340 = CARTESIAN_POINT('',(137.47,-90.18,-4.6E-02));
#2341 = VECTOR('',#2342,1.);
#2342 = DIRECTION('',(0.,0.,1.));
#2343 = ORIENTED_EDGE('',*,*,#1723,.F.);
#2344 = ORIENTED_EDGE('',*,*,#2338,.F.);
#2345 = CYLINDRICAL_SURFACE('',#2346,1.);
#2346 = AXIS2_PLACEMENT_3D('',#2347,#2348,#2349);
#2347 = CARTESIAN_POINT('',(137.47,-89.18,-4.6E-02));
#2348 = DIRECTION('',(-0.,-0.,-1.));
#2349 = DIRECTION('',(-0.,-1.,0.));
#2350 = ADVANCED_FACE('',(#2351),#2362,.F.);
#2351 = FACE_BOUND('',#2352,.T.);
#2352 = EDGE_LOOP('',(#2353,#2354,#2360,#2361));
#2353 = ORIENTED_EDGE('',*,*,#1301,.T.);
#2354 = ORIENTED_EDGE('',*,*,#2355,.T.);
#2355 = EDGE_CURVE('',#1302,#1735,#2356,.T.);
#2356 = LINE('',#2357,#2358);
#2357 = CARTESIAN_POINT('',(152.77,-74.88,-4.6E-02));
#2358 = VECTOR('',#2359,1.);
#2359 = DIRECTION('',(0.,0.,1.));
#2360 = ORIENTED_EDGE('',*,*,#1734,.F.);
#2361 = ORIENTED_EDGE('',*,*,#2355,.F.);
#2362 = CYLINDRICAL_SURFACE('',#2363,1.);
#2363 = AXIS2_PLACEMENT_3D('',#2364,#2365,#2366);
#2364 = CARTESIAN_POINT('',(152.77,-73.88,-4.6E-02));
#2365 = DIRECTION('',(-0.,-0.,-1.));
#2366 = DIRECTION('',(-0.,-1.,0.));
#2367 = ADVANCED_FACE('',(#2368),#2379,.F.);
#2368 = FACE_BOUND('',#2369,.T.);
#2369 = EDGE_LOOP('',(#2370,#2371,#2377,#2378));
#2370 = ORIENTED_EDGE('',*,*,#1312,.T.);
#2371 = ORIENTED_EDGE('',*,*,#2372,.T.);
#2372 = EDGE_CURVE('',#1313,#1746,#2373,.T.);
#2373 = LINE('',#2374,#2375);
#2374 = CARTESIAN_POINT('',(158.57,-74.88,-4.6E-02));
#2375 = VECTOR('',#2376,1.);
#2376 = DIRECTION('',(0.,0.,1.));
#2377 = ORIENTED_EDGE('',*,*,#1745,.F.);
#2378 = ORIENTED_EDGE('',*,*,#2372,.F.);
#2379 = CYLINDRICAL_SURFACE('',#2380,1.);
#2380 = AXIS2_PLACEMENT_3D('',#2381,#2382,#2383);
#2381 = CARTESIAN_POINT('',(158.57,-73.88,-4.6E-02));
#2382 = DIRECTION('',(-0.,-0.,-1.));
#2383 = DIRECTION('',(-0.,-1.,0.));
#2384 = ADVANCED_FACE('',(#2385),#2396,.F.);
#2385 = FACE_BOUND('',#2386,.T.);
#2386 = EDGE_LOOP('',(#2387,#2388,#2394,#2395));
#2387 = ORIENTED_EDGE('',*,*,#1323,.T.);
#2388 = ORIENTED_EDGE('',*,*,#2389,.T.);
#2389 = EDGE_CURVE('',#1324,#1757,#2390,.T.);
#2390 = LINE('',#2391,#2392);
#2391 = CARTESIAN_POINT('',(168.27,-89.98,-4.6E-02));
#2392 = VECTOR('',#2393,1.);
#2393 = DIRECTION('',(0.,0.,1.));
#2394 = ORIENTED_EDGE('',*,*,#1756,.F.);
#2395 = ORIENTED_EDGE('',*,*,#2389,.F.);
#2396 = CYLINDRICAL_SURFACE('',#2397,1.);
#2397 = AXIS2_PLACEMENT_3D('',#2398,#2399,#2400);
#2398 = CARTESIAN_POINT('',(168.27,-88.98,-4.6E-02));
#2399 = DIRECTION('',(-0.,-0.,-1.));
#2400 = DIRECTION('',(-0.,-1.,0.));
#2401 = ADVANCED_FACE('',(#2402),#2413,.F.);
#2402 = FACE_BOUND('',#2403,.T.);
#2403 = EDGE_LOOP('',(#2404,#2405,#2411,#2412));
#2404 = ORIENTED_EDGE('',*,*,#1334,.T.);
#2405 = ORIENTED_EDGE('',*,*,#2406,.T.);
#2406 = EDGE_CURVE('',#1335,#1768,#2407,.T.);
#2407 = LINE('',#2408,#2409);
#2408 = CARTESIAN_POINT('',(203.77,-107.18,-4.6E-02));
#2409 = VECTOR('',#2410,1.);
#2410 = DIRECTION('',(0.,0.,1.));
#2411 = ORIENTED_EDGE('',*,*,#1767,.F.);
#2412 = ORIENTED_EDGE('',*,*,#2406,.F.);
#2413 = CYLINDRICAL_SURFACE('',#2414,1.);
#2414 = AXIS2_PLACEMENT_3D('',#2415,#2416,#2417);
#2415 = CARTESIAN_POINT('',(203.77,-106.18,-4.6E-02));
#2416 = DIRECTION('',(-0.,-0.,-1.));
#2417 = DIRECTION('',(-0.,-1.,0.));
#2418 = ADVANCED_FACE('',(#2419),#2430,.F.);
#2419 = FACE_BOUND('',#2420,.T.);
#2420 = EDGE_LOOP('',(#2421,#2422,#2428,#2429));
#2421 = ORIENTED_EDGE('',*,*,#1345,.T.);
#2422 = ORIENTED_EDGE('',*,*,#2423,.T.);
#2423 = EDGE_CURVE('',#1346,#1779,#2424,.T.);
#2424 = LINE('',#2425,#2426);
#2425 = CARTESIAN_POINT('',(196.78,-100.18,-4.6E-02));
#2426 = VECTOR('',#2427,1.);
#2427 = DIRECTION('',(0.,0.,1.));
#2428 = ORIENTED_EDGE('',*,*,#1778,.F.);
#2429 = ORIENTED_EDGE('',*,*,#2423,.F.);
#2430 = CYLINDRICAL_SURFACE('',#2431,1.);
#2431 = AXIS2_PLACEMENT_3D('',#2432,#2433,#2434);
#2432 = CARTESIAN_POINT('',(196.78,-99.18,-4.6E-02));
#2433 = DIRECTION('',(-0.,-0.,-1.));
#2434 = DIRECTION('',(-0.,-1.,0.));
#2435 = ADVANCED_FACE('',(#2436),#2447,.F.);
#2436 = FACE_BOUND('',#2437,.T.);
#2437 = EDGE_LOOP('',(#2438,#2439,#2445,#2446));
#2438 = ORIENTED_EDGE('',*,*,#1356,.T.);
#2439 = ORIENTED_EDGE('',*,*,#2440,.T.);
#2440 = EDGE_CURVE('',#1357,#1790,#2441,.T.);
#2441 = LINE('',#2442,#2443);
#2442 = CARTESIAN_POINT('',(220.77,-102.18,-4.6E-02));
#2443 = VECTOR('',#2444,1.);
#2444 = DIRECTION('',(0.,0.,1.));
#2445 = ORIENTED_EDGE('',*,*,#1789,.F.);
#2446 = ORIENTED_EDGE('',*,*,#2440,.F.);
#2447 = CYLINDRICAL_SURFACE('',#2448,1.);
#2448 = AXIS2_PLACEMENT_3D('',#2449,#2450,#2451);
#2449 = CARTESIAN_POINT('',(220.77,-101.18,-4.6E-02));
#2450 = DIRECTION('',(-0.,-0.,-1.));
#2451 = DIRECTION('',(-0.,-1.,0.));
#2452 = ADVANCED_FACE('',(#2453),#2464,.F.);
#2453 = FACE_BOUND('',#2454,.T.);
#2454 = EDGE_LOOP('',(#2455,#2456,#2462,#2463));
#2455 = ORIENTED_EDGE('',*,*,#1367,.T.);
#2456 = ORIENTED_EDGE('',*,*,#2457,.T.);
#2457 = EDGE_CURVE('',#1368,#1801,#2458,.T.);
#2458 = LINE('',#2459,#2460);
#2459 = CARTESIAN_POINT('',(229.07,-101.68,-4.6E-02));
#2460 = VECTOR('',#2461,1.);
#2461 = DIRECTION('',(0.,0.,1.));
#2462 = ORIENTED_EDGE('',*,*,#1800,.F.);
#2463 = ORIENTED_EDGE('',*,*,#2457,.F.);
#2464 = CYLINDRICAL_SURFACE('',#2465,1.);
#2465 = AXIS2_PLACEMENT_3D('',#2466,#2467,#2468);
#2466 = CARTESIAN_POINT('',(229.07,-100.68,-4.6E-02));
#2467 = DIRECTION('',(-0.,-0.,-1.));
#2468 = DIRECTION('',(-0.,-1.,0.));
#2469 = ADVANCED_FACE('',(#2470),#2481,.F.);
#2470 = FACE_BOUND('',#2471,.T.);
#2471 = EDGE_LOOP('',(#2472,#2473,#2479,#2480));
#2472 = ORIENTED_EDGE('',*,*,#1378,.T.);
#2473 = ORIENTED_EDGE('',*,*,#2474,.T.);
#2474 = EDGE_CURVE('',#1379,#1812,#2475,.T.);
#2475 = LINE('',#2476,#2477);
#2476 = CARTESIAN_POINT('',(201.76,-83.18,-4.6E-02));
#2477 = VECTOR('',#2478,1.);
#2478 = DIRECTION('',(0.,0.,1.));
#2479 = ORIENTED_EDGE('',*,*,#1811,.F.);
#2480 = ORIENTED_EDGE('',*,*,#2474,.F.);
#2481 = CYLINDRICAL_SURFACE('',#2482,1.);
#2482 = AXIS2_PLACEMENT_3D('',#2483,#2484,#2485);
#2483 = CARTESIAN_POINT('',(201.76,-82.18,-4.6E-02));
#2484 = DIRECTION('',(-0.,-0.,-1.));
#2485 = DIRECTION('',(-0.,-1.,0.));
#2486 = ADVANCED_FACE('',(#2487),#2498,.F.);
#2487 = FACE_BOUND('',#2488,.T.);
#2488 = EDGE_LOOP('',(#2489,#2490,#2496,#2497));
#2489 = ORIENTED_EDGE('',*,*,#1389,.T.);
#2490 = ORIENTED_EDGE('',*,*,#2491,.T.);
#2491 = EDGE_CURVE('',#1390,#1823,#2492,.T.);
#2492 = LINE('',#2493,#2494);
#2493 = CARTESIAN_POINT('',(202.26,-74.88,-4.6E-02));
#2494 = VECTOR('',#2495,1.);
#2495 = DIRECTION('',(0.,0.,1.));
#2496 = ORIENTED_EDGE('',*,*,#1822,.F.);
#2497 = ORIENTED_EDGE('',*,*,#2491,.F.);
#2498 = CYLINDRICAL_SURFACE('',#2499,1.);
#2499 = AXIS2_PLACEMENT_3D('',#2500,#2501,#2502);
#2500 = CARTESIAN_POINT('',(202.26,-73.88,-4.6E-02));
#2501 = DIRECTION('',(-0.,-0.,-1.));
#2502 = DIRECTION('',(-0.,-1.,0.));
#2503 = ADVANCED_FACE('',(#2504),#2515,.F.);
#2504 = FACE_BOUND('',#2505,.T.);
#2505 = EDGE_LOOP('',(#2506,#2507,#2513,#2514));
#2506 = ORIENTED_EDGE('',*,*,#1400,.T.);
#2507 = ORIENTED_EDGE('',*,*,#2508,.T.);
#2508 = EDGE_CURVE('',#1401,#1834,#2509,.T.);
#2509 = LINE('',#2510,#2511);
#2510 = CARTESIAN_POINT('',(229.07,-95.98,-4.6E-02));
#2511 = VECTOR('',#2512,1.);
#2512 = DIRECTION('',(0.,0.,1.));
#2513 = ORIENTED_EDGE('',*,*,#1833,.F.);
#2514 = ORIENTED_EDGE('',*,*,#2508,.F.);
#2515 = CYLINDRICAL_SURFACE('',#2516,1.);
#2516 = AXIS2_PLACEMENT_3D('',#2517,#2518,#2519);
#2517 = CARTESIAN_POINT('',(229.07,-94.98,-4.6E-02));
#2518 = DIRECTION('',(-0.,-0.,-1.));
#2519 = DIRECTION('',(-0.,-1.,0.));
#2520 = ADVANCED_FACE('',(#2521),#2532,.F.);
#2521 = FACE_BOUND('',#2522,.T.);
#2522 = EDGE_LOOP('',(#2523,#2524,#2530,#2531));
#2523 = ORIENTED_EDGE('',*,*,#1411,.T.);
#2524 = ORIENTED_EDGE('',*,*,#2525,.T.);
#2525 = EDGE_CURVE('',#1412,#1845,#2526,.T.);
#2526 = LINE('',#2527,#2528);
#2527 = CARTESIAN_POINT('',(229.07,-90.18,-4.6E-02));
#2528 = VECTOR('',#2529,1.);
#2529 = DIRECTION('',(0.,0.,1.));
#2530 = ORIENTED_EDGE('',*,*,#1844,.F.);
#2531 = ORIENTED_EDGE('',*,*,#2525,.F.);
#2532 = CYLINDRICAL_SURFACE('',#2533,1.);
#2533 = AXIS2_PLACEMENT_3D('',#2534,#2535,#2536);
#2534 = CARTESIAN_POINT('',(229.07,-89.18,-4.6E-02));
#2535 = DIRECTION('',(-0.,-0.,-1.));
#2536 = DIRECTION('',(-0.,-1.,0.));
#2537 = ADVANCED_FACE('',(#2538),#2549,.F.);
#2538 = FACE_BOUND('',#2539,.T.);
#2539 = EDGE_LOOP('',(#2540,#2541,#2547,#2548));
#2540 = ORIENTED_EDGE('',*,*,#1422,.T.);
#2541 = ORIENTED_EDGE('',*,*,#2542,.T.);
#2542 = EDGE_CURVE('',#1423,#1856,#2543,.T.);
#2543 = LINE('',#2544,#2545);
#2544 = CARTESIAN_POINT('',(207.96,-74.88,-4.6E-02));
#2545 = VECTOR('',#2546,1.);
#2546 = DIRECTION('',(0.,0.,1.));
#2547 = ORIENTED_EDGE('',*,*,#1855,.F.);
#2548 = ORIENTED_EDGE('',*,*,#2542,.F.);
#2549 = CYLINDRICAL_SURFACE('',#2550,1.);
#2550 = AXIS2_PLACEMENT_3D('',#2551,#2552,#2553);
#2551 = CARTESIAN_POINT('',(207.96,-73.88,-4.6E-02));
#2552 = DIRECTION('',(-0.,-0.,-1.));
#2553 = DIRECTION('',(-0.,-1.,0.));
#2554 = ADVANCED_FACE('',(#2555),#2566,.F.);
#2555 = FACE_BOUND('',#2556,.T.);
#2556 = EDGE_LOOP('',(#2557,#2558,#2564,#2565));
#2557 = ORIENTED_EDGE('',*,*,#1433,.T.);
#2558 = ORIENTED_EDGE('',*,*,#2559,.T.);
#2559 = EDGE_CURVE('',#1434,#1867,#2560,.T.);
#2560 = LINE('',#2561,#2562);
#2561 = CARTESIAN_POINT('',(213.74,-74.88,-4.6E-02));
#2562 = VECTOR('',#2563,1.);
#2563 = DIRECTION('',(0.,0.,1.));
#2564 = ORIENTED_EDGE('',*,*,#1866,.F.);
#2565 = ORIENTED_EDGE('',*,*,#2559,.F.);
#2566 = CYLINDRICAL_SURFACE('',#2567,1.);
#2567 = AXIS2_PLACEMENT_3D('',#2568,#2569,#2570);
#2568 = CARTESIAN_POINT('',(213.74,-73.88,-4.6E-02));
#2569 = DIRECTION('',(-0.,-0.,-1.));
#2570 = DIRECTION('',(-0.,-1.,0.));
#2571 = ( GEOMETRIC_REPRESENTATION_CONTEXT(3) 
GLOBAL_UNCERTAINTY_ASSIGNED_CONTEXT((#2575)) 
GLOBAL_UNIT_ASSIGNED_CONTEXT((#2572,#2573,#2574)) REPRESENTATION_CONTEXT
('Context #1','3D Context with UNIT and UNCERTAINTY') );
#2572 = ( LENGTH_UNIT() NAMED_UNIT(*) SI_UNIT(.MILLI.,.METRE.) );
#2573 = ( NAMED_UNIT(*) PLANE_ANGLE_UNIT() SI_UNIT($,.RADIAN.) );
#2574 = ( NAMED_UNIT(*) SI_UNIT($,.STERADIAN.) SOLID_ANGLE_UNIT() );
#2575 = UNCERTAINTY_MEASURE_WITH_UNIT(LENGTH_MEASURE(1.E-07),#2572,
  'distance_accuracy_value','confusion accuracy');
#2576 = CONTEXT_DEPENDENT_SHAPE_REPRESENTATION(#2577,#2579);
#2577 = ( REPRESENTATION_RELATIONSHIP('','',#908,#10) 
REPRESENTATION_RELATIONSHIP_WITH_TRANSFORMATION(#2578) 
SHAPE_REPRESENTATION_RELATIONSHIP() );
#2578 = ITEM_DEFINED_TRANSFORMATION('','',#11,#47);
#2579 = PRODUCT_DEFINITION_SHAPE('Placement','Placement of an item',
  #2580);
#2580 = NEXT_ASSEMBLY_USAGE_OCCURRENCE('9','=>[0:1:1:3]','',#5,#903,$);
#2581 = PRODUCT_RELATED_PRODUCT_CATEGORY('part',$,(#905));
#2582 = MECHANICAL_DESIGN_GEOMETRIC_PRESENTATION_REPRESENTATION('',(
    #2583),#2571);
#2583 = STYLED_ITEM('color',(#2584),#909);
#2584 = PRESENTATION_STYLE_ASSIGNMENT((#2585));
#2585 = SURFACE_STYLE_USAGE(.BOTH.,#2586);
#2586 = SURFACE_SIDE_STYLE('',(#2587));
#2587 = SURFACE_STYLE_FILL_AREA(#2588);
#2588 = FILL_AREA_STYLE('',(#2589));
#2589 = FILL_AREA_STYLE_COLOUR('',#2590);
#2590 = COLOUR_RGB('',0.313304153717,0.484529207832,0.410020903123);
#2591 = MECHANICAL_DESIGN_GEOMETRIC_PRESENTATION_REPRESENTATION('',(
    #2592,#2600,#2607,#2614,#2621,#2628,#2635,#2642,#2650,#2657,#2664,
    #2671,#2678,#2685,#2693,#2700,#2707,#2714,#2721,#2728,#2735,#2742,
    #2749,#2756,#2763,#2770),#855);
#2592 = STYLED_ITEM('color',(#2593),#67);
#2593 = PRESENTATION_STYLE_ASSIGNMENT((#2594));
#2594 = SURFACE_STYLE_USAGE(.BOTH.,#2595);
#2595 = SURFACE_SIDE_STYLE('',(#2596));
#2596 = SURFACE_STYLE_FILL_AREA(#2597);
#2597 = FILL_AREA_STYLE('',(#2598));
#2598 = FILL_AREA_STYLE_COLOUR('',#2599);
#2599 = COLOUR_RGB('',0.823999987314,0.819999987296,0.781000009244);
#2600 = STYLED_ITEM('color',(#2601),#107);
#2601 = PRESENTATION_STYLE_ASSIGNMENT((#2602));
#2602 = SURFACE_STYLE_USAGE(.BOTH.,#2603);
#2603 = SURFACE_SIDE_STYLE('',(#2604));
#2604 = SURFACE_STYLE_FILL_AREA(#2605);
#2605 = FILL_AREA_STYLE('',(#2606));
#2606 = FILL_AREA_STYLE_COLOUR('',#2599);
#2607 = STYLED_ITEM('color',(#2608),#190);
#2608 = PRESENTATION_STYLE_ASSIGNMENT((#2609));
#2609 = SURFACE_STYLE_USAGE(.BOTH.,#2610);
#2610 = SURFACE_SIDE_STYLE('',(#2611));
#2611 = SURFACE_STYLE_FILL_AREA(#2612);
#2612 = FILL_AREA_STYLE('',(#2613));
#2613 = FILL_AREA_STYLE_COLOUR('',#2599);
#2614 = STYLED_ITEM('color',(#2615),#215);
#2615 = PRESENTATION_STYLE_ASSIGNMENT((#2616));
#2616 = SURFACE_STYLE_USAGE(.BOTH.,#2617);
#2617 = SURFACE_SIDE_STYLE('',(#2618));
#2618 = SURFACE_STYLE_FILL_AREA(#2619);
#2619 = FILL_AREA_STYLE('',(#2620));
#2620 = FILL_AREA_STYLE_COLOUR('',#2599);
#2621 = STYLED_ITEM('color',(#2622),#240);
#2622 = PRESENTATION_STYLE_ASSIGNMENT((#2623));
#2623 = SURFACE_STYLE_USAGE(.BOTH.,#2624);
#2624 = SURFACE_SIDE_STYLE('',(#2625));
#2625 = SURFACE_STYLE_FILL_AREA(#2626);
#2626 = FILL_AREA_STYLE('',(#2627));
#2627 = FILL_AREA_STYLE_COLOUR('',#2599);
#2628 = STYLED_ITEM('color',(#2629),#307);
#2629 = PRESENTATION_STYLE_ASSIGNMENT((#2630));
#2630 = SURFACE_STYLE_USAGE(.BOTH.,#2631);
#2631 = SURFACE_SIDE_STYLE('',(#2632));
#2632 = SURFACE_STYLE_FILL_AREA(#2633);
#2633 = FILL_AREA_STYLE('',(#2634));
#2634 = FILL_AREA_STYLE_COLOUR('',#2599);
#2635 = STYLED_ITEM('color',(#2636),#324);
#2636 = PRESENTATION_STYLE_ASSIGNMENT((#2637));
#2637 = SURFACE_STYLE_USAGE(.BOTH.,#2638);
#2638 = SURFACE_SIDE_STYLE('',(#2639));
#2639 = SURFACE_STYLE_FILL_AREA(#2640);
#2640 = FILL_AREA_STYLE('',(#2641));
#2641 = FILL_AREA_STYLE_COLOUR('',#2599);
#2642 = STYLED_ITEM('color',(#2643),#341);
#2643 = PRESENTATION_STYLE_ASSIGNMENT((#2644));
#2644 = SURFACE_STYLE_USAGE(.BOTH.,#2645);
#2645 = SURFACE_SIDE_STYLE('',(#2646));
#2646 = SURFACE_STYLE_FILL_AREA(#2647);
#2647 = FILL_AREA_STYLE('',(#2648));
#2648 = FILL_AREA_STYLE_COLOUR('',#2649);
#2649 = COLOUR_RGB('',0.894999966383,0.890999961016,0.813000030345);
#2650 = STYLED_ITEM('color',(#2651),#390);
#2651 = PRESENTATION_STYLE_ASSIGNMENT((#2652));
#2652 = SURFACE_STYLE_USAGE(.BOTH.,#2653);
#2653 = SURFACE_SIDE_STYLE('',(#2654));
#2654 = SURFACE_STYLE_FILL_AREA(#2655);
#2655 = FILL_AREA_STYLE('',(#2656));
#2656 = FILL_AREA_STYLE_COLOUR('',#2599);
#2657 = STYLED_ITEM('color',(#2658),#407);
#2658 = PRESENTATION_STYLE_ASSIGNMENT((#2659));
#2659 = SURFACE_STYLE_USAGE(.BOTH.,#2660);
#2660 = SURFACE_SIDE_STYLE('',(#2661));
#2661 = SURFACE_STYLE_FILL_AREA(#2662);
#2662 = FILL_AREA_STYLE('',(#2663));
#2663 = FILL_AREA_STYLE_COLOUR('',#2599);
#2664 = STYLED_ITEM('color',(#2665),#424);
#2665 = PRESENTATION_STYLE_ASSIGNMENT((#2666));
#2666 = SURFACE_STYLE_USAGE(.BOTH.,#2667);
#2667 = SURFACE_SIDE_STYLE('',(#2668));
#2668 = SURFACE_STYLE_FILL_AREA(#2669);
#2669 = FILL_AREA_STYLE('',(#2670));
#2670 = FILL_AREA_STYLE_COLOUR('',#2649);
#2671 = STYLED_ITEM('color',(#2672),#473);
#2672 = PRESENTATION_STYLE_ASSIGNMENT((#2673));
#2673 = SURFACE_STYLE_USAGE(.BOTH.,#2674);
#2674 = SURFACE_SIDE_STYLE('',(#2675));
#2675 = SURFACE_STYLE_FILL_AREA(#2676);
#2676 = FILL_AREA_STYLE('',(#2677));
#2677 = FILL_AREA_STYLE_COLOUR('',#2649);
#2678 = STYLED_ITEM('color',(#2679),#490);
#2679 = PRESENTATION_STYLE_ASSIGNMENT((#2680));
#2680 = SURFACE_STYLE_USAGE(.BOTH.,#2681);
#2681 = SURFACE_SIDE_STYLE('',(#2682));
#2682 = SURFACE_STYLE_FILL_AREA(#2683);
#2683 = FILL_AREA_STYLE('',(#2684));
#2684 = FILL_AREA_STYLE_COLOUR('',#2599);
#2685 = STYLED_ITEM('color',(#2686),#559);
#2686 = PRESENTATION_STYLE_ASSIGNMENT((#2687));
#2687 = SURFACE_STYLE_USAGE(.BOTH.,#2688);
#2688 = SURFACE_SIDE_STYLE('',(#2689));
#2689 = SURFACE_STYLE_FILL_AREA(#2690);
#2690 = FILL_AREA_STYLE('',(#2691));
#2691 = FILL_AREA_STYLE_COLOUR('',#2692);
#2692 = COLOUR_RGB('',8.200000279077E-02,8.600000121357E-02,
  9.399999706163E-02);
#2693 = STYLED_ITEM('color',(#2694),#590);
#2694 = PRESENTATION_STYLE_ASSIGNMENT((#2695));
#2695 = SURFACE_STYLE_USAGE(.BOTH.,#2696);
#2696 = SURFACE_SIDE_STYLE('',(#2697));
#2697 = SURFACE_STYLE_FILL_AREA(#2698);
#2698 = FILL_AREA_STYLE('',(#2699));
#2699 = FILL_AREA_STYLE_COLOUR('',#2692);
#2700 = STYLED_ITEM('color',(#2701),#614);
#2701 = PRESENTATION_STYLE_ASSIGNMENT((#2702));
#2702 = SURFACE_STYLE_USAGE(.BOTH.,#2703);
#2703 = SURFACE_SIDE_STYLE('',(#2704));
#2704 = SURFACE_STYLE_FILL_AREA(#2705);
#2705 = FILL_AREA_STYLE('',(#2706));
#2706 = FILL_AREA_STYLE_COLOUR('',#2599);
#2707 = STYLED_ITEM('color',(#2708),#683);
#2708 = PRESENTATION_STYLE_ASSIGNMENT((#2709));
#2709 = SURFACE_STYLE_USAGE(.BOTH.,#2710);
#2710 = SURFACE_SIDE_STYLE('',(#2711));
#2711 = SURFACE_STYLE_FILL_AREA(#2712);
#2712 = FILL_AREA_STYLE('',(#2713));
#2713 = FILL_AREA_STYLE_COLOUR('',#2692);
#2714 = STYLED_ITEM('color',(#2715),#707);
#2715 = PRESENTATION_STYLE_ASSIGNMENT((#2716));
#2716 = SURFACE_STYLE_USAGE(.BOTH.,#2717);
#2717 = SURFACE_SIDE_STYLE('',(#2718));
#2718 = SURFACE_STYLE_FILL_AREA(#2719);
#2719 = FILL_AREA_STYLE('',(#2720));
#2720 = FILL_AREA_STYLE_COLOUR('',#2599);
#2721 = STYLED_ITEM('color',(#2722),#724);
#2722 = PRESENTATION_STYLE_ASSIGNMENT((#2723));
#2723 = SURFACE_STYLE_USAGE(.BOTH.,#2724);
#2724 = SURFACE_SIDE_STYLE('',(#2725));
#2725 = SURFACE_STYLE_FILL_AREA(#2726);
#2726 = FILL_AREA_STYLE('',(#2727));
#2727 = FILL_AREA_STYLE_COLOUR('',#2599);
#2728 = STYLED_ITEM('color',(#2729),#741);
#2729 = PRESENTATION_STYLE_ASSIGNMENT((#2730));
#2730 = SURFACE_STYLE_USAGE(.BOTH.,#2731);
#2731 = SURFACE_SIDE_STYLE('',(#2732));
#2732 = SURFACE_STYLE_FILL_AREA(#2733);
#2733 = FILL_AREA_STYLE('',(#2734));
#2734 = FILL_AREA_STYLE_COLOUR('',#2599);
#2735 = STYLED_ITEM('color',(#2736),#758);
#2736 = PRESENTATION_STYLE_ASSIGNMENT((#2737));
#2737 = SURFACE_STYLE_USAGE(.BOTH.,#2738);
#2738 = SURFACE_SIDE_STYLE('',(#2739));
#2739 = SURFACE_STYLE_FILL_AREA(#2740);
#2740 = FILL_AREA_STYLE('',(#2741));
#2741 = FILL_AREA_STYLE_COLOUR('',#2599);
#2742 = STYLED_ITEM('color',(#2743),#775);
#2743 = PRESENTATION_STYLE_ASSIGNMENT((#2744));
#2744 = SURFACE_STYLE_USAGE(.BOTH.,#2745);
#2745 = SURFACE_SIDE_STYLE('',(#2746));
#2746 = SURFACE_STYLE_FILL_AREA(#2747);
#2747 = FILL_AREA_STYLE('',(#2748));
#2748 = FILL_AREA_STYLE_COLOUR('',#2599);
#2749 = STYLED_ITEM('color',(#2750),#792);
#2750 = PRESENTATION_STYLE_ASSIGNMENT((#2751));
#2751 = SURFACE_STYLE_USAGE(.BOTH.,#2752);
#2752 = SURFACE_SIDE_STYLE('',(#2753));
#2753 = SURFACE_STYLE_FILL_AREA(#2754);
#2754 = FILL_AREA_STYLE('',(#2755));
#2755 = FILL_AREA_STYLE_COLOUR('',#2599);
#2756 = STYLED_ITEM('color',(#2757),#809);
#2757 = PRESENTATION_STYLE_ASSIGNMENT((#2758));
#2758 = SURFACE_STYLE_USAGE(.BOTH.,#2759);
#2759 = SURFACE_SIDE_STYLE('',(#2760));
#2760 = SURFACE_STYLE_FILL_AREA(#2761);
#2761 = FILL_AREA_STYLE('',(#2762));
#2762 = FILL_AREA_STYLE_COLOUR('',#2599);
#2763 = STYLED_ITEM('color',(#2764),#826);
#2764 = PRESENTATION_STYLE_ASSIGNMENT((#2765));
#2765 = SURFACE_STYLE_USAGE(.BOTH.,#2766);
#2766 = SURFACE_SIDE_STYLE('',(#2767));
#2767 = SURFACE_STYLE_FILL_AREA(#2768);
#2768 = FILL_AREA_STYLE('',(#2769));
#2769 = FILL_AREA_STYLE_COLOUR('',#2692);
#2770 = STYLED_ITEM('color',(#2771),#843);
#2771 = PRESENTATION_STYLE_ASSIGNMENT((#2772));
#2772 = SURFACE_STYLE_USAGE(.BOTH.,#2773);
#2773 = SURFACE_SIDE_STYLE('',(#2774));
#2774 = SURFACE_STYLE_FILL_AREA(#2775);
#2775 = FILL_AREA_STYLE('',(#2776));
#2776 = FILL_AREA_STYLE_COLOUR('',#2692);
ENDSEC;
END-ISO-10303-21;
